--
-- PostgreSQL database dump
--

-- Dumped from database version 16.4 (Debian 16.4-1.pgdg120+2)
-- Dumped by pg_dump version 16.8 (Homebrew)

SET statement_timeout = 0;
SET lock_timeout = 0;
SET idle_in_transaction_session_timeout = 0;
SET client_encoding = 'UTF8';
SET standard_conforming_strings = on;
SELECT pg_catalog.set_config('search_path', '', false);
SET check_function_bodies = false;
SET xmloption = content;
SET client_min_messages = warning;
SET row_security = off;

--
-- Data for Name: User; Type: TABLE DATA; Schema: public; Owner: -
--

COPY public."User" (id, "firstName", "lastName", phone, email, "emailVerified", address, province, city, country, "countryCode", "zipCode", role, password, status, "createdAt", "updatedAt", newsletter, "userSubscription", "profileImageUrl") FROM stdin;
cm5o09luo0000oehb0shp1zm9	\N	\N	\N	cch@gmaijl.com	\N	\N	\N	\N	Mexico	MX	\N	ESTANDAR	$2b$10$BL5W0ovJTz94lCKNVwfJHOMyjQxTO8Ovw1PeKKm2BCH/NovRxwT32	t	2025-01-08 14:39:18.24	2025-01-08 14:39:18.24	f	\N	https://res.cloudinary.com/dwcrzwawj/image/upload/v1735332034/11_que_es_un_cosmetico_lider_uy08ij.jpg
cm5vp2opo00094w9bl6v3n1u3	\N	\N	\N	daniela2@gmail.com	\N	\N	\N	\N	Mexico	MX	\N	ESTANDAR	$2b$10$mIDPr/nGFd3CT6.9ytw3lORSKHFMqZzuNlgMaxaGLgub21Cx3QTSS	t	2025-01-13 23:48:08.988	2025-01-13 23:48:08.988	f	\N	https://res.cloudinary.com/dwcrzwawj/image/upload/v1735332034/11_que_es_un_cosmetico_lider_uy08ij.jpg
user-002	Jane	Smith	0987654321	janesmith@example.com	\N	456 Elm St	New York	New York	USA	US	10001	INSTRUCTOR	password123	t	2024-12-06 14:07:30.728	2024-12-06 14:07:30.728	f	\N	https://res.cloudinary.com/dwcrzwawj/image/upload/v1735332034/11_que_es_un_cosmetico_lider_uy08ij.jpg
user-003	Alice	Brown	5555555555	alicebrown@example.com	\N	789 Oak St	Texas	Houston	USA	US	77001	INSTRUCTOR	password123	t	2024-12-06 14:07:30.728	2024-12-06 14:07:30.728	t	\N	https://res.cloudinary.com/dwcrzwawj/image/upload/v1735332034/11_que_es_un_cosmetico_lider_uy08ij.jpg
user-004	Bob	Green	4444444444	bobgreen@example.com	\N	321 Maple St	Illinois	Chicago	USA	US	60001	INSTRUCTOR	password123	t	2024-12-06 14:07:30.728	2024-12-06 14:07:30.728	f	\N	https://res.cloudinary.com/dwcrzwawj/image/upload/v1735332034/11_que_es_un_cosmetico_lider_uy08ij.jpg
user-005	Charlie	White	3333333333	charliewhite@example.com	\N	654 Pine St	Florida	Miami	USA	US	33101	INSTRUCTOR	password123	t	2024-12-06 14:07:30.728	2024-12-06 14:07:30.728	t	\N	https://res.cloudinary.com/dwcrzwawj/image/upload/v1735332034/11_que_es_un_cosmetico_lider_uy08ij.jpg
user-006	Diana	Black	2222222222	dianablack@example.com	\N	987 Cedar St	Georgia	Atlanta	USA	US	30301	INSTRUCTOR	password123	t	2024-12-06 14:07:30.728	2024-12-06 14:07:30.728	f	\N	https://res.cloudinary.com/dwcrzwawj/image/upload/v1735332034/11_que_es_un_cosmetico_lider_uy08ij.jpg
user-007	Eve	Blue	1111111111	eveblue@example.com	\N	159 Birch St	Washington	Seattle	USA	US	98101	INSTRUCTOR	password123	t	2024-12-06 14:07:30.728	2024-12-06 14:07:30.728	t	\N	https://res.cloudinary.com/dwcrzwawj/image/upload/v1735332034/11_que_es_un_cosmetico_lider_uy08ij.jpg
user-008	Frank	Red	6666666666	frankred@example.com	\N	753 Walnut St	Nevada	Las Vegas	USA	US	89101	INSTRUCTOR	password123	t	2024-12-06 14:07:30.728	2024-12-06 14:07:30.728	f	\N	https://res.cloudinary.com/dwcrzwawj/image/upload/v1735332034/11_que_es_un_cosmetico_lider_uy08ij.jpg
user-009	Grace	Yellow	7777777777	graceyellow@example.com	\N	852 Chestnut St	Oregon	Portland	USA	US	97201	INSTRUCTOR	password123	t	2024-12-06 14:07:30.728	2024-12-06 14:07:30.728	t	\N	https://res.cloudinary.com/dwcrzwawj/image/upload/v1735332034/11_que_es_un_cosmetico_lider_uy08ij.jpg
user-010	Hank	Purple	8888888888	hankpurple@example.com	\N	951 Spruce St	Arizona	Phoenix	USA	US	85001	INSTRUCTOR	password123	t	2024-12-06 14:07:30.728	2024-12-06 14:07:30.728	f	\N	https://res.cloudinary.com/dwcrzwawj/image/upload/v1735332034/11_que_es_un_cosmetico_lider_uy08ij.jpg
cm4swenej0000tijl4uglud3y	\N	\N	\N	gabriel123@gmail.com	\N	\N	\N	\N	Mexico	MX	\N	ESTANDAR	$2b$10$RnhRMDjGEX8LAGQQLuRlMegimGGdalWoQewJg9j3t/xW5ccTLkhAa	t	2024-12-17 20:10:23.602	2024-12-17 20:10:23.602	f	\N	https://res.cloudinary.com/dwcrzwawj/image/upload/v1735332034/11_que_es_un_cosmetico_lider_uy08ij.jpg
cm5lexedd00069uk1ow1ilyb1	Nahuel	Rivas	12434566	nahuel@gmail.com	\N	\N	\N	mxdf	arg	MX	\N	ESTANDAR	$2b$10$mhERcCN04e1KZaPo4vFFH.wig1Hxxuk317vzhsPBpBcpwQTBsLpqe	t	2025-01-06 19:06:24.385	2025-01-06 19:10:27.454	t	\N	https://res.cloudinary.com/dwcrzwawj/image/upload/v1735332034/11_que_es_un_cosmetico_lider_uy08ij.jpg
cm5lfkaoy00099uk1wr0w6g5z	Daniel	Medina	1234156	daniel@gmail.com	\N	\N	\N	mxdf	mx	MX	\N	EMPRESA	$2b$10$/9PNyVBzJNHEjd63.Bnyi.Y9Tgl5TZu0qhEE1.i5SkSDOiuJDDaWq	t	2025-01-06 10:24:12	2025-01-06 10:25:23	t	\N	https://res.cloudinary.com/dwcrzwawj/image/upload/v1735332034/11_que_es_un_cosmetico_lider_uy08ij.jpg
cm5lg9smn000c9uk1gzlwq8a9	\N	\N	\N	ckcomercializadora.sas@gmail.com	\N	\N	\N	\N	Mexico	MX	\N	ESTANDAR	$2b$10$AwDysVmzJxeSewxRpxvvX.g3ET8m7N4FP5SIW25C6xKzTLWEjQ0Hq	t	2025-01-06 19:44:02.351	2025-01-06 19:44:02.351	f	\N	https://res.cloudinary.com/dwcrzwawj/image/upload/v1735332034/11_que_es_un_cosmetico_lider_uy08ij.jpg
cm5nqjmwd00005h4os1ttqc4l	\N	\N	\N	team@seedup.la	\N	\N	\N	\N	Mexico	MX	\N	ESTANDAR	$2b$10$3DqLrYzeyksjIYdf6fRkjenDUl/3JTRoVgb/iZiEuDCIK2OxFzUpm	t	2025-01-08 10:07:09.997	2025-01-08 10:07:09.997	f	\N	https://res.cloudinary.com/dwcrzwawj/image/upload/v1735332034/11_que_es_un_cosmetico_lider_uy08ij.jpg
cm5gy5swc0006b947ut599os8	Carlos	González	555-6789	cch@gmail.com	\N	Av. Siempre Viva 742	\N	Monterrey	México	MX	64000	COSMETOLOGO	$2b$10$cVF.37eV0e12kwK2UiYojOon.VZ7VK.lokrr0wZUyPSSxyck1h4my	t	2025-01-03 16:05:58.284	2025-01-08 10:08:24.94	f	\N	https://res.cloudinary.com/dwcrzwawj/image/upload/v1735332034/11_que_es_un_cosmetico_lider_uy08ij.jpg
cm4rh5ur20000z6z3hcqxg7o4	Carlos	González	555-6789	usuargis@example.com	\N	Av. Siempre Viva 742	k	Monterrey	México	MX	64000	COSMETOLOGO	$2b$10$wELYcys900PQCCjmlGGsh.I1Vbg7moEuvkarqxTiwzG5.OJrrWj8G	t	2024-12-16 20:15:52.812	2025-01-08 14:38:28.391	f	\N	https://res.cloudinary.com/dwcrzwawj/image/upload/v1735332034/11_que_es_un_cosmetico_lider_uy08ij.jpg
user-001	John	Doe	1234567890	gabhack2@gmail.com	\N	123 Main St	California	Los Angeles	USA	US	90001	INSTRUCTOR	password123	t	2024-12-06 14:07:30.728	2025-01-04 08:58:02.637	t	update	https://res.cloudinary.com/dwcrzwawj/image/upload/v1735332034/11_que_es_un_cosmetico_lider_uy08ij.jpg
cm4st4h7t0004g1868ig4txym	\N	\N	\N	rivasnahuel@gmail.com	\N	\N	\N	\N	Mexico	MX	\N	ESTANDAR	$2b$10$Wc1ZhSS5Yb4BozyztP139eIbXj/dy8N0D7xkFiK5Te/Utyo4BAyza	t	2024-12-17 18:38:30.186	2024-12-17 18:38:30.186	f	\N	https://res.cloudinary.com/dwcrzwawj/image/upload/v1735332034/11_que_es_un_cosmetico_lider_uy08ij.jpg
cm626x0kw0000ctyvstv7pavy	\N	\N	\N	lucasmateo@gmail.com	\N	\N	\N	\N	Mexico	MX	\N	ESTANDAR	$2b$10$insH9My9ENnEBommTD4FTe8kK6N8hgirRc4UUizMpkSiujhDa.Haa	t	2025-01-18 12:54:14.576	2025-01-18 12:54:14.576	f	\N	https://res.cloudinary.com/dwcrzwawj/image/upload/v1735332034/11_que_es_un_cosmetico_lider_uy08ij.jpg
cm629kf850004ctyvdtqkv5nu	\N	\N	\N	kevinondaro@gmail.com	\N	\N	\N	\N	Mexico	MX	\N	ESTANDAR	$2b$10$4ewnQkMQLPMfRNMSds1jiuPdmgj/sf70zIIaWKx1GqPKSD1iXcjPS	t	2025-01-18 14:08:25.878	2025-01-18 14:08:25.878	f	\N	https://res.cloudinary.com/dwcrzwawj/image/upload/v1735332034/11_que_es_un_cosmetico_lider_uy08ij.jpg
cm5vmpm2w00024w9bx0wvmiuk	Joaquin	elia	12312312312	jdadas@jss.co	\N	\N	\N	Samuxlu	AZ	MX	\N	COSMETOLOGO	$2b$10$Zgui2h2mTBO399sOH20Y6uTye7CNqN/WiZpS1l77c1cpO0KYJxXnm	t	2025-01-13 22:41:59.816	2025-01-13 23:00:19.029	f	\N	https://res.cloudinary.com/dwcrzwawj/image/upload/v1735332034/11_que_es_un_cosmetico_lider_uy08ij.jpg
cm62a1ikz0005ctyvh5zxmncb	Guido	Perez	1156531256	guidoperez@gmail.com	\N	\N	\N	mxdf	arg	MX	\N	COSMETOLOGO	$2b$10$8N1Z2fxRdKHFvwYf5.9/keDp0BpddkAy0zdgnjVpTlXoN1rPdz1Ni	t	2025-01-18 14:21:43.379	2025-01-18 14:22:16.342	t	\N	https://res.cloudinary.com/dwcrzwawj/image/upload/v1735332034/11_que_es_un_cosmetico_lider_uy08ij.jpg
cm4slavoi0003g186bm5xpbvj	Nahuel	Rivas	\N	nahuel.rivas.dev@gmail.com	\N	\N	\N	\N	Mexico	MX	\N	COSMETOLOGO	$2b$10$khwyxStqadT/dMwNXXmTq.lZ.nPaIFMixOfJQMfPzbQ7za7pso886	t	2024-12-17 11:59:31	2025-01-18 12:59:14.219	f	update	https://res.cloudinary.com/dwcrzwawj/image/upload/v1735332034/11_que_es_un_cosmetico_lider_uy08ij.jpg
cm62a63ak0006ctyv97gvu7rt	\N	\N	\N	Laananima10@gmail.com	\N	\N	\N	\N	Mexico	MX	\N	ESTANDAR	$2b$10$ShjzcqKt1dGXsfiTK679HO2ATLJ9GDpb/B9ik98CtjNOgQrQAIFMe	t	2025-01-18 14:25:16.844	2025-01-18 14:25:16.844	f	\N	https://res.cloudinary.com/dwcrzwawj/image/upload/v1735332034/11_que_es_un_cosmetico_lider_uy08ij.jpg
cm62a9it20009ctyvfj0n7vg6	\N	\N	\N	empresanumero10@gmail.com	\N	\N	\N	\N	Mexico	MX	\N	ESTANDAR	$2b$10$HnVQOZ5gysblHPdaDfxvpOk3DEWQOl6uQ5/xtsOGNLtZ6/D8DmWlO	t	2025-01-18 14:27:56.918	2025-01-18 14:27:56.918	f	\N	https://res.cloudinary.com/dwcrzwawj/image/upload/v1735332034/11_que_es_un_cosmetico_lider_uy08ij.jpg
cm51gd9qn0000h4xoe78sb0fy	Joaco	Espectador	12312312312	joaco.elia9@gmail.com	\N	\N	\N	Balvanera	AR	MX	\N	COSMETOLOGO	$2b$10$5cxsMHVCeDAHa90Ez7zeHedKLNXRYJPcwSyMoWbI8nRy1TWOIu93m	t	2024-12-23 19:51:20.975	2025-01-21 22:21:10.884	f	\N	https://res.cloudinary.com/dwcrzwawj/image/upload/v1735332034/11_que_es_un_cosmetico_lider_uy08ij.jpg
cm83oag9u000n1267y4l2v6ey	Michelle	Cruz	1234567891	design@renewpeel.com	\N	\N	\N	Alvaro Obregon	México	MX	\N	COSMETOLOGO	$2b$10$QywHNgdQxVUeXxvjW5bFYO1kq/TwesmfZoHdt29V5gnjtPiMTtyQ6	t	2025-03-10 23:07:45.763	2025-03-10 23:08:36.829	t	\N	https://res.cloudinary.com/dwcrzwawj/image/upload/v1735332034/11_que_es_un_cosmetico_lider_uy08ij.jpg
cm83oc1hv000s12675e1w14tl	Julio César	Martínez Zavala	5537069263	jc4mz@hotmail.com	\N	\N	\N	Benito Juarez	México	MX	\N	COSMETOLOGO	$2b$10$vEJUt2i2S6uYpFveAjUYh.Fl20c8GSqIMaJInagszVNYijqS4h/fm	t	2025-03-10 23:08:59.924	2025-03-10 23:10:06.804	t	\N	https://res.cloudinary.com/dwcrzwawj/image/upload/v1735332034/11_que_es_un_cosmetico_lider_uy08ij.jpg
cm7wdsxqq0003ho8tdw5flc5h	Joaquin	Prueba	21212312312	joaquin.elia+1@hotmail.com	\N	\N	\N	Buenos Aires	Argentina	MX	\N	MEDICO	$2b$10$fhSr2KXYVHBlpoxsDJjm/.fR3wncDrdjt7T0jeNG42MkTuvZWLI5m	t	2025-03-05 20:39:49.202	2025-03-15 19:40:53.73	t	\N	https://res.cloudinary.com/dwcrzwawj/image/upload/v1735332034/11_que_es_un_cosmetico_lider_uy08ij.jpg
cm4yz2hof0000seqxz811xb27	\N	\N	\N	faskhf@fkasfbskah.com	\N	\N	\N	\N	Mexico	MX	\N	ESTANDAR	$2b$10$XzT.dGUXuun8JJUefHAi7.71U038n6Oa.AV.e3rLIy4Zjupktl05e	t	2024-12-22 02:11:32.223	2024-12-22 02:11:32.223	f	\N	https://res.cloudinary.com/dwcrzwawj/image/upload/v1735332034/11_que_es_un_cosmetico_lider_uy08ij.jpg
cm4yz885e0001seqxtq8pb6ad	\N	\N	\N	j@j.co	\N	\N	\N	\N	Mexico	MX	\N	ESTANDAR	$2b$10$GSBxp6.kQGJoglfxhK6acuAbNqoHHuIA3aZYLvVGbeha4fYMKbW6e	t	2024-12-22 02:15:59.81	2024-12-22 02:15:59.81	f	\N	https://res.cloudinary.com/dwcrzwawj/image/upload/v1735332034/11_que_es_un_cosmetico_lider_uy08ij.jpg
cm56w51jc0009lq5tmgy2f9lt	Nahuel	Rivas	12345185815	nahuelhellboy10@gmail.com	\N	\N	\N	mxdf	mx	MX	\N	ESTANDAR	$2b$10$lcLzvT/BrZwNlUohowQhlOIZ3LVVSXNbFTOWwhL9m9r5nNT44gaoq	t	2024-12-27 15:11:41.833	2024-12-27 15:12:17.839	t	\N	https://res.cloudinary.com/dwcrzwawj/image/upload/v1735332034/11_que_es_un_cosmetico_lider_uy08ij.jpg
cm56w8b2p000alq5tp2r75xrc	Daniela	Ruiz	867768670	daniela@gmail.com	\N	\N	\N	mxdf	mx	MX	\N	ESTANDAR	$2b$10$Eve4Q1rBv2ObzjfAKX4cRuSPBFTVVlZMH3ADPJrzkzVDCHlbt87Tm	t	2024-12-27 15:14:14.161	2024-12-27 15:14:44.313	t	\N	https://res.cloudinary.com/dwcrzwawj/image/upload/v1735332034/11_que_es_un_cosmetico_lider_uy08ij.jpg
cm83ogqt2001d1267wtzcd8cr	Joaquin	Prueba	12312312312	joaquin.elia+2@hotmail.com	\N	\N	\N	La coruña	Argentina	MX	\N	COSMETOLOGO	$2b$10$KFDKZOXaHT6YVBAjZo2mku0bUmOvTdwLPWhJoaELe7eNSYW8a4z9q	t	2025-03-10 23:12:39.351	2025-03-10 23:13:16.715	f	\N	https://res.cloudinary.com/dwcrzwawj/image/upload/v1735332034/11_que_es_un_cosmetico_lider_uy08ij.jpg
cm93ald7m000mkey4f01vw5zr	dadsfas	sfasfsf	3453253235	joaco123@prueba.com	\N	\N	\N	sfaffas	Argentina	MX	\N	COSMETOLOGO	$2b$10$87/0UmQ2bUxU8owSWgrK3OKloqcClD1tJGn/BPnh9h/nmi7NHVnAm	t	2025-04-04 21:24:02.722	2025-04-04 21:27:14.288	t	\N	https://res.cloudinary.com/dwcrzwawj/image/upload/v1735332034/11_que_es_un_cosmetico_lider_uy08ij.jpg
cm94qgmth0013key4px084yal	rgssrgs	sgsdgsd	332232332	joacoprueba1@mail.com	\N	\N	\N	La coruña	Argentina	MX	\N	COSMETOLOGO	$2b$10$dNX8GzLeskyBOOSOKw9rA.PascGZ7diujEHOhpOQqU8nggXiIrBtO	t	2025-04-05 21:36:01.926	2025-04-05 21:36:35.274	t	\N	https://res.cloudinary.com/dwcrzwawj/image/upload/v1735332034/11_que_es_un_cosmetico_lider_uy08ij.jpg
cm94qn9dq0016key48imlazn3	Joquin	Empresa	123456323	joaquinempresa@mail.com	\N	\N	\N	La coruña	Argentina	MX	\N	COSMETOLOGO	$2b$10$iANRZznRPJHwDuI2OIJ86euoAQfyQZjVygbaW6RECD5e5rXxlHg3K	t	2025-04-05 21:41:11.103	2025-04-05 21:42:58.787	t	\N	https://res.cloudinary.com/dwcrzwawj/image/upload/v1735332034/11_que_es_un_cosmetico_lider_uy08ij.jpg
cm4sths4i0008g1865nsbbh1l	Joaquin	elia	+5402281310996	joaquin.elia@hotmail.com	\N	\N	\N	Buenos Aires	AR	MX	\N	MEDICO	$2b$10$iCo77VKXihihesZqmfrbHOSorSQI9VCF/WGOM2nRuYy4CPK9v6Ls.	t	2024-12-17 06:48:50	2025-04-07 17:24:38.539	f	[null]	https://res.cloudinary.com/dwcrzwawj/image/upload/v1735332034/11_que_es_un_cosmetico_lider_uy08ij.jpg
cm9a8jx8k00041ppjktqsoqjj	\N	\N	\N	contacto@renewpeel.com	\N	\N	\N	\N	Mexico	MX	\N	ESTANDAR	$2b$10$.D3z9/NTVYQzQv8LkgieNeg6/.9/rCftPLCigHdJoWCRBsQEvpEfm	t	2025-04-09 18:01:19.364	2025-04-09 18:01:19.364	f	\N	https://res.cloudinary.com/dwcrzwawj/image/upload/v1735332034/11_que_es_un_cosmetico_lider_uy08ij.jpg
\.


--
-- Data for Name: Empresa; Type: TABLE DATA; Schema: public; Owner: -
--

COPY public."Empresa" (id, dni, name, giro, "userId", "createdAt", "updatedAt", subscription, "bannerImage", categoria, ceo, "ceoRole", followers, location, logo, "profileImage", title, "webUrl", "legalName") FROM stdin;
company-004	DNI-004	Nutrition Clinic	SERVICIOS_DIGITALES_PERFIL	user-004	2024-12-06 14:26:53.893	2024-12-06 14:26:53.893	\N	https://res.cloudinary.com/dwcrzwawj/image/upload/v1733491386/courses/course-banner-image/uiwjud5rkxo2pjjjpytc.jpg	EMPRESA_PERFIL	\N	\N	0	\N	https://res.cloudinary.com/dwcrzwawj/image/upload/v1735332035/12_apartologia_peque_gkmvrb.png	https://res.cloudinary.com/dwcrzwawj/image/upload/v1735332034/11_que_es_un_cosmetico_lider_uy08ij.jpg	\N	\N	\N
company-002	DNI-002	Cosmiatry Center	EMPRESA_PROFESIONAL_PERFIL	user-002	2024-12-06 14:26:53.893	2024-12-06 14:26:53.893	INTERMEDIO	https://res.cloudinary.com/dwcrzwawj/image/upload/v1733491386/courses/course-banner-image/uiwjud5rkxo2pjjjpytc.jpg	EMPRESA_PERFIL	\N	\N	0	\N	https://res.cloudinary.com/dwcrzwawj/image/upload/v1735332035/12_apartologia_peque_gkmvrb.png	https://res.cloudinary.com/dwcrzwawj/image/upload/v1735332034/11_que_es_un_cosmetico_lider_uy08ij.jpg	\N	\N	\N
company-003	DNI-003	Rehabilitation Hub	EMPRESA_PROFESIONAL_PERFIL	user-003	2024-12-06 14:26:53.893	2024-12-06 14:26:53.893	BASICO	https://res.cloudinary.com/dwcrzwawj/image/upload/v1733491386/courses/course-banner-image/uiwjud5rkxo2pjjjpytc.jpg	EMPRESA_PERFIL	\N	\N	0	\N	https://res.cloudinary.com/dwcrzwawj/image/upload/v1735332035/12_apartologia_peque_gkmvrb.png	https://res.cloudinary.com/dwcrzwawj/image/upload/v1735332034/11_que_es_un_cosmetico_lider_uy08ij.jpg	\N	\N	\N
company-007	DNI-007	Cosmetology Masters	EMPRESA_PROFESIONAL_PERFIL	user-007	2024-12-06 14:26:53.893	2024-12-06 14:26:53.893	\N	https://res.cloudinary.com/dwcrzwawj/image/upload/v1733491386/courses/course-banner-image/uiwjud5rkxo2pjjjpytc.jpg	EMPRESA_PERFIL	\N	\N	0	\N	https://res.cloudinary.com/dwcrzwawj/image/upload/v1735332035/12_apartologia_peque_gkmvrb.png	https://res.cloudinary.com/dwcrzwawj/image/upload/v1735332034/11_que_es_un_cosmetico_lider_uy08ij.jpg	\N	\N	\N
company-008	DNI-008	Sports Therapy Center	EMPRESA_PROFESIONAL_PERFIL	user-008	2024-12-06 14:26:53.893	2024-12-06 14:26:53.893	\N	https://res.cloudinary.com/dwcrzwawj/image/upload/v1733491386/courses/course-banner-image/uiwjud5rkxo2pjjjpytc.jpg	EMPRESA_PERFIL	\N	\N	0	\N	https://res.cloudinary.com/dwcrzwawj/image/upload/v1735332035/12_apartologia_peque_gkmvrb.png	https://res.cloudinary.com/dwcrzwawj/image/upload/v1735332034/11_que_es_un_cosmetico_lider_uy08ij.jpg	\N	\N	\N
company-009	DNI-009	Diet Plans Inc.	EMPRESA_ADMINISTRACION_PERFIL	user-009	2024-12-06 14:26:53.893	2024-12-06 14:26:53.893	\N	https://res.cloudinary.com/dwcrzwawj/image/upload/v1733491386/courses/course-banner-image/uiwjud5rkxo2pjjjpytc.jpg	EMPRESA_PERFIL	\N	\N	0	\N	https://res.cloudinary.com/dwcrzwawj/image/upload/v1735332035/12_apartologia_peque_gkmvrb.png	https://res.cloudinary.com/dwcrzwawj/image/upload/v1735332034/11_que_es_un_cosmetico_lider_uy08ij.jpg	\N	\N	\N
company-010	DNI-010	Cosmetic Chemistry Lab	EMPRESA_APARATOLOGIA_PERFIL	user-010	2024-12-06 14:26:53.893	2024-12-06 14:26:53.893	\N	https://res.cloudinary.com/dwcrzwawj/image/upload/v1733491386/courses/course-banner-image/uiwjud5rkxo2pjjjpytc.jpg	EMPRESA_PERFIL	\N	\N	0	\N	https://res.cloudinary.com/dwcrzwawj/image/upload/v1735332035/12_apartologia_peque_gkmvrb.png	https://res.cloudinary.com/dwcrzwawj/image/upload/v1735332034/11_que_es_un_cosmetico_lider_uy08ij.jpg	\N	\N	\N
company-005	DNI-005	Aesthetic Professionals	UNIVERSIDAD_ESCUELA_PERFIL	user-005	2024-12-06 14:26:53.893	2024-12-06 14:26:53.893	\N	https://res.cloudinary.com/dwcrzwawj/image/upload/v1733491386/courses/course-banner-image/uiwjud5rkxo2pjjjpytc.jpg	EMPRESA_PERFIL	\N	\N	0	\N	https://res.cloudinary.com/dwcrzwawj/image/upload/v1735332035/12_apartologia_peque_gkmvrb.png	https://res.cloudinary.com/dwcrzwawj/image/upload/v1735332034/11_que_es_un_cosmetico_lider_uy08ij.jpg	\N	\N	\N
company-006	DNI-006	Advanced Dermatology	SOCIEDAD_ASOCIACION_PERFIL	user-006	2024-12-06 14:26:53.893	2024-12-06 14:26:53.893	\N	https://res.cloudinary.com/dwcrzwawj/image/upload/v1733491386/courses/course-banner-image/uiwjud5rkxo2pjjjpytc.jpg	EMPRESA_PERFIL	\N	\N	0	\N	https://res.cloudinary.com/dwcrzwawj/image/upload/v1735332035/12_apartologia_peque_gkmvrb.png	https://res.cloudinary.com/dwcrzwawj/image/upload/v1735332034/11_que_es_un_cosmetico_lider_uy08ij.jpg	\N	\N	\N
cm5lfltbq000b9uk1ac8096g7	\N	Daniel SRL	EMPRESA_PROFESIONAL_PERFIL	cm5lfkaoy00099uk1wr0w6g5z	2025-01-06 19:25:23.508	2025-01-06 19:25:23.508	\N	https://res.cloudinary.com/dwcrzwawj/image/upload/v1733491386/courses/course-banner-image/uiwjud5rkxo2pjjjpytc.jpg	EMPRESA_PERFIL	\N	\N	0	\N	https://res.cloudinary.com/dwcrzwawj/image/upload/v1735332035/12_apartologia_peque_gkmvrb.png	https://res.cloudinary.com/dwcrzwawj/image/upload/v1735332034/11_que_es_un_cosmetico_lider_uy08ij.jpg	\N	htttp://www.daniel.com	\N
cm5hc2sp80003kh8gub7rbr3f	\N	Empresa Ejemplo	UNIVERSIDAD_ESCUELA_PERFIL	user-001	2025-01-03 22:35:32.551	2025-01-04 03:31:13.406	\N	https://res.cloudinary.com/dwcrzwawj/image/upload/v1733491386/courses/course-banner-image/uiwjud5rkxo2pjjjpytc.jpg	EMPRESA_PERFIL	\N	\N	0	\N	https://res.cloudinary.com/dwcrzwawj/image/upload/v1735332035/12_apartologia_peque_gkmvrb.png	https://res.cloudinary.com/dwcrzwawj/image/upload/v1735332034/11_que_es_un_cosmetico_lider_uy08ij.jpg	\N	http xxxxx	\N
cm5vnd6wu00084w9b3ppf8x1p	\N	Joaquin	EMPRESA_PROFESIONAL_PERFIL	cm5vmpm2w00024w9bx0wvmiuk	2025-01-13 23:00:19.901	2025-01-13 23:00:19.901	PREMIUM	\N	EMPRESA_PERFIL	\N	\N	0	\N	\N	\N	\N	\N	\N
company-001	DNI-001	Empresa PRUEBA CA\n	EMPRESA_PROFESIONAL_PERFIL	cm4sths4i0008g1865nsbbh1l	2024-12-06 14:26:53.893	2025-01-03 22:52:06.675	ORO	https://res.cloudinary.com/dwcrzwawj/image/upload/v1733491386/courses/course-banner-image/uiwjud5rkxo2pjjjpytc.jpg	EMPRESA_PERFIL	\N	\N	0	\N	https://res.cloudinary.com/dwcrzwawj/image/upload/v1735332035/12_apartologia_peque_gkmvrb.png	https://res.cloudinary.com/dwcrzwawj/image/upload/v1735332034/11_que_es_un_cosmetico_lider_uy08ij.jpg	\N	https://frontend-macro-estetica-pearl.vercel.app/	\N
cm66zzk6q000ectyvd2b5rsou	\N	marca joaco	SERVICIOS_DIGITALES_PERFIL	cm51gd9qn0000h4xoe78sb0fy	2025-01-21 21:39:06.826	2025-01-21 22:21:11.625	\N	\N	EMPRESA_PERFIL	\N	\N	0	\N	\N	\N	\N	\N	\N
cm94qpl9a0018key403mmzirx	\N	Joaquin Empresa	UNIVERSIDAD_ESCUELA_PERFIL	cm94qn9dq0016key48imlazn3	2025-04-05 21:42:59.805	2025-04-05 21:42:59.805	\N	\N	EMPRESA_PERFIL	\N	\N	0	\N	\N	\N	\N	\N	\N
\.


--
-- Data for Name: Banner; Type: TABLE DATA; Schema: public; Owner: -
--

COPY public."Banner" (id, banner, title, description, date, cta_url, cta_button_text, logo, "empresaId", "createdAt", "updatedAt") FROM stdin;
banner-001	https://example.com/banner1.jpg	Promoción Especial	Descuento en procedimientos estéticos	2025-01-06 00:42:42.213	http://example.com/cta1	Ver Promo	https://example.com/logo1.png	cm5hc2sp80003kh8gub7rbr3f	2025-01-06 00:42:42.213	2025-01-06 00:42:42.213
banner-002	https://example.com/banner2.jpg	Nuevo Taller	Aprende de los mejores instructores	2025-01-06 00:42:42.213	http://example.com/cta2	Inscríbete	https://example.com/logo2.png	company-001	2025-01-06 00:42:42.213	2025-01-06 00:42:42.213
banner-003	https://example.com/banner3.jpg	Cosmiatry Center Promos	Cursos exclusivos para profesionales	2025-01-06 00:42:42.213	http://example.com/cta3	Ver más	https://example.com/logo3.png	company-002	2025-01-06 00:42:42.213	2025-01-06 00:42:42.213
banner-004	https://example.com/banner4.jpg	Rehab Your Body	Rehabilitation Hub da descuentos	2025-01-06 00:42:42.213	http://example.com/cta4	Unirse	https://example.com/logo4.png	company-003	2025-01-06 00:42:42.213	2025-01-06 00:42:42.213
banner-005	https://example.com/banner5.jpg	Aesthetic Professionals	Los mejores aparatos para tu spa	2025-01-06 00:42:42.213	http://example.com/cta5	Descubre	https://example.com/logo5.png	company-005	2025-01-06 00:42:42.213	2025-01-06 00:42:42.213
\.


--
-- Data for Name: BlogAuthor; Type: TABLE DATA; Schema: public; Owner: -
--

COPY public."BlogAuthor" (id, "userId", description, "experienceYears", "certificationsUrl") FROM stdin;
author-001	user-001	Especialista en dermatología estética con 10 años de experiencia.	10	https://example.com/cert1.pdf
author-002	user-002	Cosmetóloga certificada con énfasis en tratamientos naturales.	7	https://example.com/cert2.pdf
\.


--
-- Data for Name: BlogCategory; Type: TABLE DATA; Schema: public; Owner: -
--

COPY public."BlogCategory" (id, name, "colorHex", "createdAt", "updatedAt", "iconUrl") FROM stdin;
cat-medicina-alternativa	Medicina Alternativa	#33FFF5	2025-03-17 15:49:27.432	2025-03-17 15:49:27.432	https://res.cloudinary.com/dwcrzwawj/image/upload/v1733413253/category-icons/ud5j8kmtnstfp7sgn4zu.svg
category-001	Dermatología	#FF5733	2025-03-12 22:18:05.649	2025-03-12 22:18:05.649	https://res.cloudinary.com/dwcrzwawj/image/upload/v1733413251/category-icons/aygvpljurpgkl5rvqca7.svg
category-004	Administración y Negocios	#FFD700	2025-03-17 15:49:27.432	2025-03-17 15:49:27.432	https://res.cloudinary.com/dwcrzwawj/image/upload/v1733413253/category-icons/b1n3p9amkvared1rvxh5.svg
category-003	Cosmiatría	#FF33A1	2025-03-17 15:49:27.432	2025-03-17 15:49:27.432	https://res.cloudinary.com/dwcrzwawj/image/upload/v1733413251/category-icons/bmz656h190d2hvikha1m.svg
category-002	Cosmiatría y Cosmetología	#33A1FF	2025-03-12 22:18:05.649	2025-03-12 22:18:05.649	https://res.cloudinary.com/dwcrzwawj/image/upload/v1733413253/category-icons/ud5j8kmtnstfp7sgn4zu.svg
cat-estetica	Química cosmética	#3399FF	2025-03-17 15:49:27.432	2025-03-17 15:49:27.432	https://res.cloudinary.com/dwcrzwawj/image/upload/v1733413251/category-icons/aygvpljurpgkl5rvqca7.svg
cat-estudiante-medicina	Terapia física y rehabilitación	#A133FF	2025-03-17 15:49:27.432	2025-03-17 15:49:27.432	https://res.cloudinary.com/dwcrzwawj/image/upload/v1733413253/category-icons/b1n3p9amkvared1rvxh5.svg
cat-medicina-estetica	Bienestar y conciencia	#33A1FF	2025-03-17 15:49:27.432	2025-03-17 15:49:27.432	https://res.cloudinary.com/dwcrzwawj/image/upload/v1733413253/category-icons/ud5j8kmtnstfp7sgn4zu.svg
cat-estudiante-estetica	Nutrición	#FF6633	2025-03-17 15:49:27.432	2025-03-17 15:49:27.432	https://res.cloudinary.com/dwcrzwawj/image/upload/v1733413253/category-icons/b1n3p9amkvared1rvxh5.svg
\.


--
-- Data for Name: BlogPost; Type: TABLE DATA; Schema: public; Owner: -
--

COPY public."BlogPost" (id, title, content, "bannerImage", "empresaId", "authorId", "createdAt", "updatedAt", "averageRating", "totalRatings", description, "notUsefulCount", "totalReaders", "usefulCount") FROM stdin;
blog-004	Cosmética Vegana: Beneficios y Consideraciones	<h2>Un mercado en crecimiento</h2><p>Los productos veganos...</p>	https://res.cloudinary.com/dwcrzwawj/image/upload/v1742043308/imagenblog_isdctp.jpg	company-001	author-002	2025-03-12 22:20:19.312	2025-03-12 22:20:19.312	4.9	20	Beneficios y consideraciones al usar productos cosméticos veganos.	0	2	0
blog-006	Rutina de Skincare para Piel Mixta	<h2>Productos esenciales</h2><p>La piel mixta requiere...</p>	https://res.cloudinary.com/dwcrzwawj/image/upload/v1742043308/imagenblog_isdctp.jpg	company-001	author-002	2025-03-12 22:20:19.312	2025-03-12 22:20:19.312	4.8	18	Cómo establecer una rutina de skincare efectiva para piel mixta.	0	1	0
blog-005	La Importancia de la Protección Solar	<h2>Evita el envejecimiento prematuro</h2><p>El sol puede...</p>	https://res.cloudinary.com/dwcrzwawj/image/upload/v1742043308/imagenblog_isdctp.jpg	company-001	author-001	2025-03-12 22:20:19.312	2025-03-12 22:20:19.312	4.7	15	La importancia de la protección solar para evitar el envejecimiento prematuro.	0	1	0
blog-002	Cosmetología Natural: Mitos y Verdades	<h2>Beneficios de los ingredientes naturales</h2><p>Los cosméticos naturales...</p>	https://res.cloudinary.com/dwcrzwawj/image/upload/v1742043308/imagenblog_isdctp.jpg	company-001	author-002	2025-03-12 22:18:05.649	2025-03-12 22:18:05.649	5	1	Exploramos los mitos y verdades de la cosmetología natural.	5	65	6
blog-003	Tratamientos Avanzados para el Acné	<h2>Soluciones efectivas</h2><p>El acné es un problema...</p>	https://res.cloudinary.com/dwcrzwawj/image/upload/v1742043308/imagenblog_isdctp.jpg	company-001	author-001	2025-03-12 22:20:19.312	2025-03-12 22:20:19.312	4	1	Tratamientos avanzados para combatir el acné y mejorar la piel.	0	2	1
blog-001	Los Mejores Cuidados para la Piel Sensible	<div>\n    <p style="font-size: 18px; color: #555; line-height: 1.6; text-align: left;">\n        Cuidar la piel es clave para mantener un aspecto saludable y prevenir problemas a largo plazo. \n        Una rutina adecuada ayuda a mantener la hidratación, elasticidad y protección contra factores externos.\n    </p>\n\n    <h2 style="color: #224689; font-size: 22px; font-weight: 600; text-align: left;">Limpieza Diaria</h2>\n    <p style="font-size: 16px; color: #666; line-height: 1.6; text-align: left;">\n        Lava tu rostro dos veces al día con un limpiador suave para eliminar impurezas y evitar la acumulación de grasa.\n    </p>\n\n    <h2 style="color: #224689; font-size: 22px; font-weight: 600; text-align: left;">Hidratación</h2>\n    <p style="font-size: 16px; color: #666; line-height: 1.6; text-align: left;">\n        Usa una crema hidratante adecuada para tu tipo de piel. Mantener la piel hidratada previene la sequedad y el envejecimiento prematuro.\n    </p>\n\n    <h2 style="color: #224689; font-size: 22px; font-weight: 600; text-align: left;">Protección Solar</h2>\n    <p style="font-size: 16px; color: #666; line-height: 1.6; text-align: left;">\n        Aplica protector solar todos los días, incluso cuando esté nublado. Esto ayuda a prevenir manchas y arrugas.\n    </p>\n\n    <h2 style="color: #224689; font-size: 22px; font-weight: 600; text-align: left;">Alimentación Saludable</h2>\n    <ul style="font-size: 16px; color: #666; line-height: 1.6; text-align: left;">\n        <li>Consume frutas y verduras ricas en antioxidantes.</li>\n        <li>Bebe suficiente agua para mantener la piel hidratada.</li>\n        <li>Evita el exceso de azúcares y alimentos ultraprocesados.</li>\n    </ul>\n\n    <h2 style="color: #224689; font-size: 22px; font-weight: 600; text-align: left;">Evitar el Estrés</h2>\n    <ul style="font-size: 16px; color: #666; line-height: 1.6; text-align: left;">\n        <li>Practica técnicas de relajación como el yoga o la meditación.</li>\n        <li>Duerme lo suficiente para permitir la regeneración de la piel.</li>\n        <li>Realiza actividades que disfrutes para reducir la tensión.</li>\n    </ul>\n\n    <p style="font-size: 18px; color: #555; line-height: 1.6; text-align: left;">\n        Además de estos cuidados básicos, es recomendable visitar a un dermatólogo para obtener recomendaciones \n        personalizadas según tu tipo de piel y necesidades específicas.\n    </p>\n\n    <p style="font-size: 18px; color: #555; line-height: 1.6; text-align: left;">\n        No olvides que la constancia es clave. Una piel bien cuidada es el reflejo de una rutina diaria efectiva \n        y hábitos saludables a lo largo del tiempo.\n    </p>\n\n    <p style="font-size: 18px; color: #555; line-height: 1.6; text-align: left;">\n        Aplicando estos consejos, podrás disfrutar de una piel más luminosa, joven y saludable en cualquier etapa de la vida.\n    </p>\n</div>	https://res.cloudinary.com/dwcrzwawj/image/upload/v1742043308/imagenblog_isdctp.jpg	company-001	author-001	2025-03-12 22:18:05.649	2025-03-12 22:18:05.649	3.8	5	Descubre los mejores cuidados para la piel sensible y cómo mantenerla saludable.	6	220	12
\.


--
-- Data for Name: BlogComment; Type: TABLE DATA; Schema: public; Owner: -
--

COPY public."BlogComment" (id, "postId", "userId", content, "createdAt", "updatedAt") FROM stdin;
comment-001	blog-001	user-001	Excelente artículo, me ha ayudado mucho con mi piel.	2025-03-12 22:18:05.649	2025-03-12 22:18:05.649
comment-002	blog-002	user-001	Información muy útil, gracias por compartir.	2025-03-12 22:18:05.649	2025-03-12 22:18:05.649
cm8jbcrh100037f4zugohe07e	blog-002	cm4sths4i0008g1865nsbbh1l	Me ha encantado	2025-03-21 21:49:57.375	2025-03-21 21:49:57.375
cm8jalgqr00017f4zu8bofhb8	blog-001	user-002	Muy buen artículo. Muchas gracias.	2025-03-21 21:28:43.759	2025-03-21 21:28:43.759
cm90fxd3o0002zi1hbgd4hmr6	blog-001	user-003	Es un mal post, no me gustó para nada, lo odio, lo odio!	2025-04-02 21:30:02.004	2025-04-02 21:30:02.004
cm90sfnrq0008key4p1r2pvos	blog-001	cm4sths4i0008g1865nsbbh1l		2025-04-03 03:20:11.03	2025-04-03 03:20:11.03
cm90sk91z000dkey47wnxch4n	blog-001	cm51gd9qn0000h4xoe78sb0fy	¡Un artículo imprescindible para quienes buscan cuidar su piel sensible! Explica de manera clara y detallada los mejores productos, hábitos y consejos para evitar irritaciones y mantener una piel saludable. Definitivamente una lectura recomendada para mejorar tu rutina de skincare!	2025-04-03 03:23:45.239	2025-04-03 03:23:45.239
cm97d7z6b0002y0edwsnmw7lo	blog-002	cm51gd9qn0000h4xoe78sb0fy		2025-04-07 17:48:41.553	2025-04-07 17:48:41.553
cm97dwlmw0007y0ed2znscd4j	blog-003	cm51gd9qn0000h4xoe78sb0fy	xxxxxxxxxxxxxxxxxxxxxxxxxxxxxxxxxxxxxxxxxxxxxxxxxxxxxxxxxxxxxxxxxxxxxxxxxxxxxxxxxxxxxxxxxxxxxxxxxxxxxxxxxxxxxxxxxxxxxxxxxxxxxxxxxxxxxxxxxxxxxxxxxxxxxxxxxxxxxxxxxxxxxxxxxxxxxxxxxxxxxxxxxxxxxxxxxxxxxxxxxxxxxxxxxxxxxxxxxxxxxxxxxxxxxxxxxxxxxxxxxxxxxxxxxxxxxxxxxxxxxxxxxxxxxxxxxxxxxxxxxxxxxxxxxxxxxxxxxxxxxxxxxxxxxxxxxxxxxxxxxxxxxxxxxxxxxxxxxxxxxxxxxxxxxxxxxxxxxxxxxxxxxxxxxxxxxxxxxxxxxxxxxxxxxxxxxxxxxxxxxxxxxxxxxxxxxxxxxxxxxxxxxxxxxxxxxxxxxxxxxxxxxxxxxxxxxxxxxxxxxxxxxxxxxxxxxxxxxxxxxxxxxxxxxxxxxxxxxxx	2025-04-07 18:07:50.409	2025-04-07 18:07:50.409
\.


--
-- Data for Name: BlogRating; Type: TABLE DATA; Schema: public; Owner: -
--

COPY public."BlogRating" (id, "postId", "userId", rating, "createdAt", "updatedAt") FROM stdin;
rating-001	blog-001	user-001	5	2025-03-12 22:18:05.649	2025-03-12 22:18:05.649
rating-002	blog-001	user-002	4	2025-03-12 22:18:05.649	2025-03-12 22:18:05.649
cm90fxdbg0004zi1hdqncncrk	blog-001	user-003	1	2025-04-02 21:30:02.284	2025-04-02 21:30:02.284
cm90sfnsu000akey45udlx160	blog-001	cm4sths4i0008g1865nsbbh1l	4	2025-04-03 03:20:11.07	2025-04-03 03:20:11.07
cm90sk92l000fkey4982ju8hk	blog-001	cm51gd9qn0000h4xoe78sb0fy	5	2025-04-03 03:23:45.262	2025-04-03 03:23:45.262
cm97d7z7x0004y0ed45ny29dn	blog-002	cm51gd9qn0000h4xoe78sb0fy	5	2025-04-07 17:48:41.613	2025-04-07 17:48:41.613
cm97dwlof0009y0edhm1c1w2n	blog-003	cm51gd9qn0000h4xoe78sb0fy	4	2025-04-07 18:07:50.464	2025-04-07 18:07:50.464
\.


--
-- Data for Name: Category; Type: TABLE DATA; Schema: public; Owner: -
--

COPY public."Category" (id, name, "urlIcon", "colorHex", "createdAt", "updatedAt") FROM stdin;
d81852f0-2a5d-4910-84b6-208f287c4bf2	Terapia física y rehabilitación	https://res.cloudinary.com/dwcrzwawj/image/upload/v1733413253/category-icons/w9rso0jjdwqjku1qe884.svg	#3D8A71	2024-12-06 14:44:43.07	2024-12-06 14:44:43.07
5592e743-58af-4792-b25d-ba4b4b7d8a26	Medicina estética	https://res.cloudinary.com/dwcrzwawj/image/upload/v1733413251/category-icons/aygvpljurpgkl5rvqca7.svg	#224689	2024-12-06 14:46:03.759	2024-12-06 14:46:03.759
6bbb7bc3-2e67-44fa-8cd4-54273ec2f426	Cosmiatría y cosmetología	https://res.cloudinary.com/dwcrzwawj/image/upload/v1733413251/category-icons/yy5bbgf6itinc86azwez.svg	#8A313A	2024-12-06 14:46:53.703	2024-12-06 14:46:53.703
ca3783bf-6f6d-44b3-8748-b58f3ae335e8	Administración y negocios	https://res.cloudinary.com/dwcrzwawj/image/upload/v1733413253/category-icons/ud5j8kmtnstfp7sgn4zu.svg	#E1A53D	2024-12-06 14:50:33.66	2024-12-06 14:50:33.66
f4f64263-69e8-469d-8127-b52133d27abf	Nutrición	https://res.cloudinary.com/dwcrzwawj/image/upload/v1733413253/category-icons/b1n3p9amkvared1rvxh5.svg	#4E8A31	2024-12-06 14:51:24.887	2024-12-06 14:51:24.887
48ee7535-5b78-4011-93ee-4f37e7591f81	Medicina aternativa	https://res.cloudinary.com/dwcrzwawj/image/upload/v1733413251/category-icons/ft6hfqnqywcrra3ke7a4.svg	#8A6A31	2024-12-06 14:52:14.591	2024-12-06 14:52:14.591
ad922bc3-7e02-4a2a-8f50-17581584bbe1	Química cosmética	https://res.cloudinary.com/dwcrzwawj/image/upload/v1733413251/category-icons/xed4siyfa8u7qerrmdji.svg	#688EB8	2024-12-06 14:52:57.446	2024-12-06 14:52:57.446
b79073b0-4f23-40c9-acc3-08a276546059	Bienestar y conciencia	https://res.cloudinary.com/dwcrzwawj/image/upload/v1733413251/category-icons/bmz656h190d2hvikha1m.svg	#E17A8A	2024-12-06 14:53:31.225	2024-12-06 14:53:31.225
cat-004	Nutrición	https://example.com/icons/nutricion.png	#F2F2F2	2025-01-20 10:00:00	2025-01-20 10:00:00
cat-005	Estética	https://example.com/icons/esthetic.png	#EEEEEE	2025-01-20 10:00:00	2025-01-20 10:00:00
cat-006	Dermatología	https://example.com/icons/derma.png	#DDDDDD	2025-01-20 10:00:00	2025-01-20 10:00:00
\.


--
-- Data for Name: ChatRoom; Type: TABLE DATA; Schema: public; Owner: -
--

COPY public."ChatRoom" (id, "entityId", "entityType", "createdAt", "updatedAt") FROM stdin;
3b29a2e9-54da-4719-bbdb-6a18333d1b86	classroom-001	CLASSROOM	2025-03-08 18:29:34.114	2025-03-08 18:29:34.114
cdd85cca-d5ab-4c8c-b528-665d67f30b5a	stream-001	STREAM	2025-03-08 18:29:34.114	2025-03-08 18:29:34.114
e3191907-7f56-4c7d-a5a4-ccb61ed1a60c	workshop-001	WORKSHOP	2025-03-08 18:29:34.114	2025-03-08 18:29:34.114
\.


--
-- Data for Name: ChatMessage; Type: TABLE DATA; Schema: public; Owner: -
--

COPY public."ChatMessage" (id, "chatRoomId", "userId", message, "createdAt", "updatedAt") FROM stdin;
cm80sn2wl000111iojb573e3e	cdd85cca-d5ab-4c8c-b528-665d67f30b5a	cm4sths4i0008g1865nsbbh1l	Hola	2025-03-08 22:46:14.902	2025-03-08 22:46:14.902
cm80snrmm000311ior90o68w4	cdd85cca-d5ab-4c8c-b528-665d67f30b5a	cm4sths4i0008g1865nsbbh1l	Hola	2025-03-08 22:46:46.943	2025-03-08 22:46:46.943
cm80sr8ld000511ionc8l0vyh	cdd85cca-d5ab-4c8c-b528-665d67f30b5a	cm4sths4i0008g1865nsbbh1l	Hola, ¿cómo están?	2025-03-08 22:49:28.898	2025-03-08 22:49:28.898
cm80srjb0000711iovdz59i6e	cdd85cca-d5ab-4c8c-b528-665d67f30b5a	cm4sths4i0008g1865nsbbh1l	Hola, ¿cómo están?	2025-03-08 22:49:42.78	2025-03-08 22:49:42.78
cm80ssvg8000911iofpccv6kj	cdd85cca-d5ab-4c8c-b528-665d67f30b5a	cm4sths4i0008g1865nsbbh1l	Esto es un mensaje más largo con múltiples palabras y detalles adicionales.	2025-03-08 22:50:45.177	2025-03-08 22:50:45.177
cm80sunck000b11iop9mqdg84	cdd85cca-d5ab-4c8c-b528-665d67f30b5a	cm4sths4i0008g1865nsbbh1l	Hola todo bien???	2025-03-08 22:52:07.989	2025-03-08 22:52:07.989
cm80t0uro000d11iomjmcqc2q	cdd85cca-d5ab-4c8c-b528-665d67f30b5a	cm4sths4i0008g1865nsbbh1l	Hola	2025-03-08 22:56:57.541	2025-03-08 22:56:57.541
cm80t2ayj000f11iowwfjzmu5	cdd85cca-d5ab-4c8c-b528-665d67f30b5a	cm4sths4i0008g1865nsbbh1l	Prueba	2025-03-08 22:58:05.18	2025-03-08 22:58:05.18
cm80t9c6v000h11ioaog38yys	cdd85cca-d5ab-4c8c-b528-665d67f30b5a	cm4sths4i0008g1865nsbbh1l	Hola chicos	2025-03-08 23:03:33.368	2025-03-08 23:03:33.368
cm80tcgeb000j11io0wik0crf	cdd85cca-d5ab-4c8c-b528-665d67f30b5a	cm51gd9qn0000h4xoe78sb0fy	Hola soy audiencia	2025-03-08 23:05:58.787	2025-03-08 23:05:58.787
cm80tmwmf000l11io1n7s5g5e	cdd85cca-d5ab-4c8c-b528-665d67f30b5a	cm4sths4i0008g1865nsbbh1l	hola prueba	2025-03-08 23:14:06.376	2025-03-08 23:14:06.376
cm80tnbaj000n11iocq312lt6	cdd85cca-d5ab-4c8c-b528-665d67f30b5a	cm51gd9qn0000h4xoe78sb0fy	Prueba	2025-03-08 23:14:25.387	2025-03-08 23:14:25.387
cm80u668t000p11ioyjmcu10n	cdd85cca-d5ab-4c8c-b528-665d67f30b5a	cm51gd9qn0000h4xoe78sb0fy	Nuevo mensaje	2025-03-08 23:29:05.309	2025-03-08 23:29:05.309
cm80u8hs7000r11iovp6qf7pv	cdd85cca-d5ab-4c8c-b528-665d67f30b5a	cm51gd9qn0000h4xoe78sb0fy	buenas	2025-03-08 23:30:53.575	2025-03-08 23:30:53.575
cm80ujc05000t11ioxxultskg	cdd85cca-d5ab-4c8c-b528-665d67f30b5a	cm51gd9qn0000h4xoe78sb0fy	Hola a todos	2025-03-08 23:39:19.301	2025-03-08 23:39:19.301
cm80unklz000v11ioaj6g52e3	cdd85cca-d5ab-4c8c-b528-665d67f30b5a	cm51gd9qn0000h4xoe78sb0fy	ssssssss	2025-03-08 23:42:37.08	2025-03-08 23:42:37.08
cm80uo7e1000x11ioidb1pdyb	cdd85cca-d5ab-4c8c-b528-665d67f30b5a	cm51gd9qn0000h4xoe78sb0fy	hola	2025-03-08 23:43:06.602	2025-03-08 23:43:06.602
cm80uogy3000z11ioa11zoi2k	cdd85cca-d5ab-4c8c-b528-665d67f30b5a	cm51gd9qn0000h4xoe78sb0fy	Escribe tu comentario o pregunta	2025-03-08 23:43:18.987	2025-03-08 23:43:18.987
cm80uqmyt001111ios8hn3hgg	cdd85cca-d5ab-4c8c-b528-665d67f30b5a	cm51gd9qn0000h4xoe78sb0fy	Hola	2025-03-08 23:45:00.101	2025-03-08 23:45:00.101
cm80ur1y6001311ioggjf4uvn	cdd85cca-d5ab-4c8c-b528-665d67f30b5a	cm4sths4i0008g1865nsbbh1l	Hola	2025-03-08 23:45:19.519	2025-03-08 23:45:19.519
cm80uu7rh001511ioctmnpogm	cdd85cca-d5ab-4c8c-b528-665d67f30b5a	cm51gd9qn0000h4xoe78sb0fy	Hola	2025-03-08 23:47:47.022	2025-03-08 23:47:47.022
cm80uwzsc001711iok1564y38	cdd85cca-d5ab-4c8c-b528-665d67f30b5a	cm51gd9qn0000h4xoe78sb0fy	Buenas	2025-03-08 23:49:56.653	2025-03-08 23:49:56.653
cm80uyf96001911io8lah0gyb	cdd85cca-d5ab-4c8c-b528-665d67f30b5a	cm51gd9qn0000h4xoe78sb0fy	Hola	2025-03-08 23:51:03.354	2025-03-08 23:51:03.354
cm80uz4j2001b11iolttjk3ka	cdd85cca-d5ab-4c8c-b528-665d67f30b5a	cm51gd9qn0000h4xoe78sb0fy	Buenas	2025-03-08 23:51:36.111	2025-03-08 23:51:36.111
cm80v4kjj001d11io5xksp30n	cdd85cca-d5ab-4c8c-b528-665d67f30b5a	cm51gd9qn0000h4xoe78sb0fy	Ey	2025-03-08 23:55:50.143	2025-03-08 23:55:50.143
cm80vb5dg001f11io48g4gknm	cdd85cca-d5ab-4c8c-b528-665d67f30b5a	cm51gd9qn0000h4xoe78sb0fy	Eu	2025-03-09 00:00:57.076	2025-03-09 00:00:57.076
cm80vb5ka001h11iom0qrmi97	cdd85cca-d5ab-4c8c-b528-665d67f30b5a	cm51gd9qn0000h4xoe78sb0fy	Eu	2025-03-09 00:00:57.323	2025-03-09 00:00:57.323
cm80vbmjs001j11iovmaapa17	cdd85cca-d5ab-4c8c-b528-665d67f30b5a	cm4sths4i0008g1865nsbbh1l	Que hacen?	2025-03-09 00:01:19.336	2025-03-09 00:01:19.336
cm80vbmrh001l11ioj8l12sz1	cdd85cca-d5ab-4c8c-b528-665d67f30b5a	cm4sths4i0008g1865nsbbh1l	Que hacen?	2025-03-09 00:01:19.614	2025-03-09 00:01:19.614
cm80vgalm001n11ioue4t7w1r	cdd85cca-d5ab-4c8c-b528-665d67f30b5a	cm4sths4i0008g1865nsbbh1l	Ey	2025-03-09 00:04:57.13	2025-03-09 00:04:57.13
cm80vgasq001p11io1g1y2v3s	cdd85cca-d5ab-4c8c-b528-665d67f30b5a	cm4sths4i0008g1865nsbbh1l	Ey	2025-03-09 00:04:57.386	2025-03-09 00:04:57.386
cm80vhruy001r11ionq9zv33y	cdd85cca-d5ab-4c8c-b528-665d67f30b5a	cm4sths4i0008g1865nsbbh1l	Nuevo mensaje	2025-03-09 00:06:06.155	2025-03-09 00:06:06.155
cm80vhs1d001t11iogxgi1e54	cdd85cca-d5ab-4c8c-b528-665d67f30b5a	cm4sths4i0008g1865nsbbh1l	Nuevo mensaje	2025-03-09 00:06:06.385	2025-03-09 00:06:06.385
cm83l8uch0001126721ft9vku	cdd85cca-d5ab-4c8c-b528-665d67f30b5a	cm51gd9qn0000h4xoe78sb0fy	a	2025-03-10 21:42:31.787	2025-03-10 21:42:31.787
cm83l8uly00031267o4de0og7	cdd85cca-d5ab-4c8c-b528-665d67f30b5a	cm51gd9qn0000h4xoe78sb0fy	a	2025-03-10 21:42:32.182	2025-03-10 21:42:32.182
cm83lm3wv00051267929od62d	cdd85cca-d5ab-4c8c-b528-665d67f30b5a	cm51gd9qn0000h4xoe78sb0fy	e	2025-03-10 21:52:50.767	2025-03-10 21:52:50.767
cm83lm43500071267mx36rvum	cdd85cca-d5ab-4c8c-b528-665d67f30b5a	cm51gd9qn0000h4xoe78sb0fy	e	2025-03-10 21:52:50.994	2025-03-10 21:52:50.994
cm83lq7gi00091267csvanh5z	cdd85cca-d5ab-4c8c-b528-665d67f30b5a	cm51gd9qn0000h4xoe78sb0fy	Hola, buenas tardes!	2025-03-10 21:56:01.987	2025-03-10 21:56:01.987
cm83lq7nh000b1267hwbpa8sf	cdd85cca-d5ab-4c8c-b528-665d67f30b5a	cm51gd9qn0000h4xoe78sb0fy	Hola, buenas tardes!	2025-03-10 21:56:02.237	2025-03-10 21:56:02.237
cm83o6l40000g1267jvf1duuv	cdd85cca-d5ab-4c8c-b528-665d67f30b5a	cm4sths4i0008g1865nsbbh1l	Hola, cómo están?	2025-03-10 23:04:45.408	2025-03-10 23:04:45.408
cm83o6lfr000i1267gli2qh3y	cdd85cca-d5ab-4c8c-b528-665d67f30b5a	cm4sths4i0008g1865nsbbh1l	Hola, cómo están?	2025-03-10 23:04:45.832	2025-03-10 23:04:45.832
cm83o6zkh000k1267l1hv3776	cdd85cca-d5ab-4c8c-b528-665d67f30b5a	cm51gd9qn0000h4xoe78sb0fy	Hola, bien y vos?	2025-03-10 23:05:04.145	2025-03-10 23:05:04.145
cm83o6zu5000m12679t3jptot	cdd85cca-d5ab-4c8c-b528-665d67f30b5a	cm51gd9qn0000h4xoe78sb0fy	Hola, bien y vos?	2025-03-10 23:05:04.493	2025-03-10 23:05:04.493
cm83oej1m001a1267322hceb6	cdd85cca-d5ab-4c8c-b528-665d67f30b5a	cm51gd9qn0000h4xoe78sb0fy	Esta es una prueba 	2025-03-10 23:10:55.978	2025-03-10 23:10:55.978
cm83oej6e001c1267xpr9poot	cdd85cca-d5ab-4c8c-b528-665d67f30b5a	cm51gd9qn0000h4xoe78sb0fy	Esta es una prueba 	2025-03-10 23:10:56.15	2025-03-10 23:10:56.15
cm841f6j7001h1267v0w6za59	cdd85cca-d5ab-4c8c-b528-665d67f30b5a	cm51gd9qn0000h4xoe78sb0fy	Hola	2025-03-11 05:15:21.428	2025-03-11 05:15:21.428
cm841f6qc001j12671n3vw46q	cdd85cca-d5ab-4c8c-b528-665d67f30b5a	cm51gd9qn0000h4xoe78sb0fy	Hola	2025-03-11 05:15:21.685	2025-03-11 05:15:21.685
cm841fnvx001l1267gv8k9485	cdd85cca-d5ab-4c8c-b528-665d67f30b5a	cm4sths4i0008g1865nsbbh1l	Hola	2025-03-11 05:15:43.917	2025-03-11 05:15:43.917
cm841fo4f001n1267agkhen5x	cdd85cca-d5ab-4c8c-b528-665d67f30b5a	cm4sths4i0008g1865nsbbh1l	Hola	2025-03-11 05:15:44.223	2025-03-11 05:15:44.223
cm841g4a1001p1267nx5lkxgw	cdd85cca-d5ab-4c8c-b528-665d67f30b5a	cm4sths4i0008g1865nsbbh1l	Cómo están?	2025-03-11 05:16:05.161	2025-03-11 05:16:05.161
cm841g4ld001r1267qcyszonw	cdd85cca-d5ab-4c8c-b528-665d67f30b5a	cm4sths4i0008g1865nsbbh1l	Cómo están?	2025-03-11 05:16:05.569	2025-03-11 05:16:05.569
cm841npa7001t1267fwb6127g	cdd85cca-d5ab-4c8c-b528-665d67f30b5a	cm4sths4i0008g1865nsbbh1l	Hola	2025-03-11 05:21:58.975	2025-03-11 05:21:58.975
cm841npjd001v1267blovzq0e	cdd85cca-d5ab-4c8c-b528-665d67f30b5a	cm4sths4i0008g1865nsbbh1l	Hola	2025-03-11 05:21:59.305	2025-03-11 05:21:59.305
\.


--
-- Data for Name: Instructor; Type: TABLE DATA; Schema: public; Owner: -
--

COPY public."Instructor" (id, profession, type, description, "experienceYears", "certificationsUrl", status, "userId", "createdAt", "updatedAt", "empresaId", "categoryId", "bannerImage", followers, title, "experienceDescription") FROM stdin;
instructor-007	COSMETOLOGIA	ESTETICISTA	Specialized in makeup and advanced skincare.	5	https://example.com/certifications/makeup	active	user-007	2024-12-06 14:32:08.346	2024-12-06 14:32:08.346	company-001	6bbb7bc3-2e67-44fa-8cd4-54273ec2f426	https://res.cloudinary.com/dwcrzwawj/image/upload/v1735332034/11_que_es_un_cosmetico_lider_uy08ij.jpg	139	Ana Torres	
instructor-008	TERAPIA_FISICA_REHABILITACION	MEDICO	Focus on sports injury rehabilitation.	9	https://example.com/certifications/sports-therapy	active	user-008	2024-12-06 14:32:08.346	2024-12-06 14:32:08.346	company-001	d81852f0-2a5d-4910-84b6-208f287c4bf2	https://res.cloudinary.com/dwcrzwawj/image/upload/v1735332034/11_que_es_un_cosmetico_lider_uy08ij.jpg	302	Luis Ramirez	
instructor-001	DERMATOLOGIA	MEDICO	Expert in dermatology with over 10 years of experience.	10	https://example.com/certifications/dermatology	active	user-001	2024-12-06 14:32:08.346	2024-12-06 14:32:08.346	company-001	5592e743-58af-4792-b25d-ba4b4b7d8a26	https://res.cloudinary.com/dwcrzwawj/image/upload/v1735332034/11_que_es_un_cosmetico_lider_uy08ij.jpg	191	John Doe	Tiene mucha experiencia en algo relacionadoa. esto
instructor-002	COSMIATRIA	ESTETICISTA	Advanced techniques in cosmiatry.	8	https://example.com/certifications/cosmiatry	active	user-002	2024-12-06 14:32:08.346	2024-12-06 14:32:08.346	company-001	6bbb7bc3-2e67-44fa-8cd4-54273ec2f426	https://res.cloudinary.com/dwcrzwawj/image/upload/v1735332034/11_que_es_un_cosmetico_lider_uy08ij.jpg	118	Paulina Vega	
instructor-003	TERAPIA_FISICA_REHABILITACION	MEDICO	Specialist in physical therapy and rehabilitation.	7	https://example.com/certifications/therapy	active	user-003	2024-12-06 14:32:08.346	2024-12-06 14:32:08.346	company-001	d81852f0-2a5d-4910-84b6-208f287c4bf2	https://res.cloudinary.com/dwcrzwawj/image/upload/v1735332034/11_que_es_un_cosmetico_lider_uy08ij.jpg	466	Carlos Gutierrez	
instructor-004	NUTRICION	MEDICO	Expert in clinical nutrition.	12	https://example.com/certifications/nutrition	active	user-004	2024-12-06 14:32:08.346	2024-12-06 14:32:08.346	company-001	f4f64263-69e8-469d-8127-b52133d27abf	https://res.cloudinary.com/dwcrzwawj/image/upload/v1735332034/11_que_es_un_cosmetico_lider_uy08ij.jpg	569	Maria Lopez	
instructor-005	ESTETICA	ESTETICISTA	Skincare and aesthetic techniques.	6	https://example.com/certifications/esthetician	active	user-005	2024-12-06 14:32:08.346	2024-12-06 14:32:08.346	company-001	6bbb7bc3-2e67-44fa-8cd4-54273ec2f426	https://res.cloudinary.com/dwcrzwawj/image/upload/v1735332034/11_que_es_un_cosmetico_lider_uy08ij.jpg	524	Laura Martinez	
instructor-006	MEDICINA_ESTETICA	MEDICO	Clinical dermatologist with focus on advanced treatments.	15	https://example.com/certifications/advanced-dermatology	active	user-006	2024-12-06 14:32:08.346	2024-12-06 14:32:08.346	company-001	5592e743-58af-4792-b25d-ba4b4b7d8a26	https://res.cloudinary.com/dwcrzwawj/image/upload/v1735332034/11_que_es_un_cosmetico_lider_uy08ij.jpg	39	David Perez	
instructor-009	NUTRICION	MEDICO	Specialist in diet plans for chronic diseases.	10	https://example.com/certifications/diet-plans	active	user-009	2024-12-06 14:32:08.346	2024-12-06 14:32:08.346	company-001	f4f64263-69e8-469d-8127-b52133d27abf	https://res.cloudinary.com/dwcrzwawj/image/upload/v1735332034/11_que_es_un_cosmetico_lider_uy08ij.jpg	672	Carolina Sanchez	
instructor-010	QUIMICA_COSMETICA	ESTETICISTA	Advanced skin treatments and therapies.	8	https://example.com/certifications/skin-treatments	active	user-010	2024-12-06 14:32:08.346	2024-12-06 14:32:08.346	company-001	ad922bc3-7e02-4a2a-8f50-17581584bbe1	https://res.cloudinary.com/dwcrzwawj/image/upload/v1735332034/11_que_es_un_cosmetico_lider_uy08ij.jpg	885	Miguel Angel	
instructor-joaquin-004	MEDICINA_ESTETICA	MEDICO	Experto en nutrición clínica y medicina estética.	8	https://example.com/certifications/nutritionclinic	active	cm4sths4i0008g1865nsbbh1l	2025-01-20 10:00:00	2025-01-20 10:00:00	company-004	cat-004	https://res.cloudinary.com/dwcrzwawj/image/upload/v1735332034/11_que_es_un_cosmetico_lider_uy08ij.jpg	100	Dr. Joaquin Nutrition	
instructor-carlos-005	COSMETOLOGIA	COSMETOLOGO	Especialista en cosmetología clínica.	6	https://example.com/certifications/cosmetology	active	cm4rh5ur20000z6z3hcqxg7o4	2025-01-20 10:00:00	2025-01-20 10:00:00	company-005	cat-005	https://res.cloudinary.com/dwcrzwawj/image/upload/v1735332034/11_que_es_un_cosmetico_lider_uy08ij.jpg	80	CarlosCosmetics	
instructor-nahuel-006	DERMATOLOGIA	COSMETOLOGO	Experto en técnicas de dermatología estética.	7	https://example.com/certifications/advanced-dermatology	active	cm4slavoi0003g186bm5xpbvj	2025-01-20 10:00:00	2025-01-20 10:00:00	company-006	cat-006	https://res.cloudinary.com/dwcrzwawj/image/upload/v1735332034/11_que_es_un_cosmetico_lider_uy08ij.jpg	60	Nahuel Derma	
\.


--
-- Data for Name: Course; Type: TABLE DATA; Schema: public; Owner: -
--

COPY public."Course" (id, title, "bannerUrl", description, level, rating, "commentsCount", "averageRating", "instructorId", price, "discountPercentage", "participantsCount", target, "createdAt", "updatedAt", "categoryId", "isFeatured", "courseImageUrl", "aboutDescription", requirements, "totalHours", "whatYouWillLearn", "introductoryVideoUrl") FROM stdin;
bea23fd6-9044-4d04-bba6-252841c3d5f5	Fundamentos de Cosmetología	https://res.cloudinary.com/dwcrzwawj/image/upload/v1732292386/imagen2png_ccokbg.png	Conoce los principios básicos de la cosmetología.	Beginner	4.1	8	4	instructor-003	100	5	20	MEDICO	2024-12-06 15:21:31.811	2024-12-06 15:21:31.811	6bbb7bc3-2e67-44fa-8cd4-54273ec2f426	f	https://res.cloudinary.com/dwcrzwawj/image/upload/v1733413762/courses/course-main-image/eugpchsvqmezyffshlot.png	\N	["Interés en aprender sobre medicina estética", "No se requieren conocimientos previos", "Acceso a una computadora o dispositivo móvil", "Disposición para realizar prácticas básicas"]	1	["Introducción a las bases de la medicina estética", "Técnicas y procedimientos más utilizados", "Seguridad e higiene en tratamientos estéticos", "Actualizaciones y tendencias en el sector"]	\N
8d2c2da8-e287-494f-bd98-e30169652f96	Diagnóstico Dermatológico Básico	https://res.cloudinary.com/dwcrzwawj/image/upload/v1733491380/courses/course-banner-image/atbk8y2sqires7b3cwuj.jpg	Aprende técnicas básicas de diagnóstico dermatológico.	Beginner	4.4	12	4.3	instructor-002	120	5	35	MEDICO	2024-12-06 15:15:34.683	2024-12-06 15:15:34.683	5592e743-58af-4792-b25d-ba4b4b7d8a26	f	https://res.cloudinary.com/dwcrzwawj/image/upload/v1733413763/courses/course-main-image/wmulto4u7mfv7qcmtrna.png	\N	["Interés en aprender sobre medicina estética", "No se requieren conocimientos previos", "Acceso a una computadora o dispositivo móvil", "Disposición para realizar prácticas básicas"]	1	["Introducción a las bases de la medicina estética", "Técnicas y procedimientos más utilizados", "Seguridad e higiene en tratamientos estéticos", "Actualizaciones y tendencias en el sector"]	\N
2c62ff53-3478-40b1-9f6a-d12cfbed0d6c	Rehabilitación Postoperatoria	https://res.cloudinary.com/dwcrzwawj/image/upload/v1733491373/courses/course-banner-image/xjzl5denkoy37ldxdkgp.jpg	Curso avanzado sobre terapia postoperatoria.	Advanced	4.7	20	4.6	instructor-001	190	18	35	MEDICO	2024-12-06 15:12:22.561	2024-12-06 15:12:22.561	d81852f0-2a5d-4910-84b6-208f287c4bf2	f	https://res.cloudinary.com/dwcrzwawj/image/upload/v1733413763/courses/course-main-image/wmulto4u7mfv7qcmtrna.png	\N	["Interés en aprender sobre medicina estética", "No se requieren conocimientos previos", "Acceso a una computadora o dispositivo móvil", "Disposición para realizar prácticas básicas"]	1	["Introducción a las bases de la medicina estética", "Técnicas y procedimientos más utilizados", "Seguridad e higiene en tratamientos estéticos", "Actualizaciones y tendencias en el sector"]	\N
4980356b-0ab0-499a-944f-edd7c5ec0b59	Enfermedades de la Piel	https://res.cloudinary.com/dwcrzwawj/image/upload/v1733491374/courses/course-banner-image/jfbh5zqev7qyruz06jut.jpg	Identificación y tratamiento de enfermedades comunes de la piel.	Intermediate	4.6	20	4.5	instructor-003	200	15	50	MEDICO	2024-12-06 15:15:34.683	2024-12-06 15:15:34.683	5592e743-58af-4792-b25d-ba4b4b7d8a26	t	https://res.cloudinary.com/dwcrzwawj/image/upload/v1733413763/courses/course-main-image/wmulto4u7mfv7qcmtrna.png	\N	["Interés en aprender sobre medicina estética", "No se requieren conocimientos previos", "Acceso a una computadora o dispositivo móvil", "Disposición para realizar prácticas básicas"]	1	["Introducción a las bases de la medicina estética", "Técnicas y procedimientos más utilizados", "Seguridad e higiene en tratamientos estéticos", "Actualizaciones y tendencias en el sector"]	\N
58117006-8802-44b1-8342-7261e884f9aa	Dermatología Pediátrica	https://res.cloudinary.com/dwcrzwawj/image/upload/v1732292386/imagen2png_ccokbg.png	Técnicas especializadas para el cuidado de la piel en niños.	Intermediate	4.5	18	4.6	instructor-005	180	12	45	MEDICO	2024-12-06 15:15:34.683	2024-12-06 15:15:34.683	5592e743-58af-4792-b25d-ba4b4b7d8a26	t	https://res.cloudinary.com/dwcrzwawj/image/upload/v1733413763/courses/course-main-image/wmulto4u7mfv7qcmtrna.png	\N	["Interés en aprender sobre medicina estética", "No se requieren conocimientos previos", "Acceso a una computadora o dispositivo móvil", "Disposición para realizar prácticas básicas"]	1	["Introducción a las bases de la medicina estética", "Técnicas y procedimientos más utilizados", "Seguridad e higiene en tratamientos estéticos", "Actualizaciones y tendencias en el sector"]	\N
aed9da68-1c91-48fa-965e-252ea9f1a689	Liderazgo y Toma de Decisiones	https://res.cloudinary.com/dwcrzwawj/image/upload/v1732292386/imagen2png_ccokbg.png	Curso avanzado para desarrollar habilidades de liderazgo.	Advanced	4.8	25	4.9	instructor-005	250	18	40	MEDICO	2024-12-06 15:26:45.887	2024-12-06 15:26:45.887	ca3783bf-6f6d-44b3-8748-b58f3ae335e8	t	https://res.cloudinary.com/dwcrzwawj/image/upload/v1733413762/courses/course-main-image/eugpchsvqmezyffshlot.png	\N	["Interés en aprender sobre medicina estética", "No se requieren conocimientos previos", "Acceso a una computadora o dispositivo móvil", "Disposición para realizar prácticas básicas"]	1	["Introducción a las bases de la medicina estética", "Técnicas y procedimientos más utilizados", "Seguridad e higiene en tratamientos estéticos", "Actualizaciones y tendencias en el sector"]	\N
b143036d-97aa-44f0-ab21-a6c90177e6b3	Administración de Proyectos	https://res.cloudinary.com/dwcrzwawj/image/upload/v1733491380/courses/course-banner-image/atbk8y2sqires7b3cwuj.jpg	Gestiona proyectos de manera eficiente.	Intermediate	4.3	12	4.4	instructor-002	140	10	30	MEDICO	2024-12-06 15:26:45.887	2024-12-06 15:26:45.887	ca3783bf-6f6d-44b3-8748-b58f3ae335e8	t	https://res.cloudinary.com/dwcrzwawj/image/upload/v1733413762/courses/course-main-image/eugpchsvqmezyffshlot.png	\N	["Interés en aprender sobre medicina estética", "No se requieren conocimientos previos", "Acceso a una computadora o dispositivo móvil", "Disposición para realizar prácticas básicas"]	1	["Introducción a las bases de la medicina estética", "Técnicas y procedimientos más utilizados", "Seguridad e higiene en tratamientos estéticos", "Actualizaciones y tendencias en el sector"]	\N
6eaf967c-717f-4823-aec5-7cb827fd5375	Terapia Física Deportiva	https://res.cloudinary.com/dwcrzwawj/image/upload/v1733491373/courses/course-banner-image/v1uuyabbayh3axvyomaf.jpg	Curso especializado en terapia para lesiones deportivas.	Intermediate	4.4	12	4.4	instructor-004	170	12	20	MEDICO	2024-12-06 15:12:22.561	2024-12-06 15:12:22.561	d81852f0-2a5d-4910-84b6-208f287c4bf2	f	https://res.cloudinary.com/dwcrzwawj/image/upload/v1733414007/courses/course-main-image/qqhwsaebibwb0frsk1go.jpg	\N	["Interés en aprender sobre medicina estética", "No se requieren conocimientos previos", "Acceso a una computadora o dispositivo móvil", "Disposición para realizar prácticas básicas"]	1	["Introducción a las bases de la medicina estética", "Técnicas y procedimientos más utilizados", "Seguridad e higiene en tratamientos estéticos", "Actualizaciones y tendencias en el sector"]	\N
7c0a2aa4-4f15-4736-9589-4e73aed1fca0	Terapia Física para Adultos Mayores	https://res.cloudinary.com/dwcrzwawj/image/upload/v1732292386/imagen2png_ccokbg.png	Técnicas especializadas para personas mayores.	Intermediate	4.6	18	4.5	instructor-003	140	12	28	MEDICO	2024-12-06 15:12:22.561	2024-12-06 15:12:22.561	d81852f0-2a5d-4910-84b6-208f287c4bf2	f	https://res.cloudinary.com/dwcrzwawj/image/upload/v1733414007/courses/course-main-image/qqhwsaebibwb0frsk1go.jpg	\N	["Interés en aprender sobre medicina estética", "No se requieren conocimientos previos", "Acceso a una computadora o dispositivo móvil", "Disposición para realizar prácticas básicas"]	1	["Introducción a las bases de la medicina estética", "Técnicas y procedimientos más utilizados", "Seguridad e higiene en tratamientos estéticos", "Actualizaciones y tendencias en el sector"]	\N
753d1c72-a5fe-4594-805e-bc07513c7d72	Dermatología Clínica	https://res.cloudinary.com/dwcrzwawj/image/upload/v1733491373/courses/course-banner-image/xjzl5denkoy37ldxdkgp.jpg	Curso clínico avanzado sobre el tratamiento de la piel.	Advanced	4.9	35	4.8	instructor-001	300	25	70	MEDICO	2024-12-06 15:15:34.683	2024-12-06 15:15:34.683	5592e743-58af-4792-b25d-ba4b4b7d8a26	f	https://res.cloudinary.com/dwcrzwawj/image/upload/v1733414007/courses/course-main-image/qqhwsaebibwb0frsk1go.jpg	\N	["Interés en aprender sobre medicina estética", "No se requieren conocimientos previos", "Acceso a una computadora o dispositivo móvil", "Disposición para realizar prácticas básicas"]	1	["Introducción a las bases de la medicina estética", "Técnicas y procedimientos más utilizados", "Seguridad e higiene en tratamientos estéticos", "Actualizaciones y tendencias en el sector"]	\N
1d82f857-d5c1-4a11-b71d-97c1a1b49b1a	Introducción a la Dermatología	https://res.cloudinary.com/dwcrzwawj/image/upload/v1733491386/courses/course-banner-image/uiwjud5rkxo2pjjjpytc.jpg	Curso básico para aprender los fundamentos de la dermatología.	Beginner	4.5	10	4.5	instructor-001	100	10	25	MEDICO	2024-12-06 15:01:15.61	2024-12-06 15:01:15.61	5592e743-58af-4792-b25d-ba4b4b7d8a26	t	https://res.cloudinary.com/dwcrzwawj/image/upload/v1733413763/courses/course-main-image/wmulto4u7mfv7qcmtrna.png	\N	["Interés en aprender sobre medicina estética", "No se requieren conocimientos previos", "Acceso a una computadora o dispositivo móvil", "Disposición para realizar prácticas básicas"]	1	["Introducción a las bases de la medicina estética", "Técnicas y procedimientos más utilizados", "Seguridad e higiene en tratamientos estéticos", "Actualizaciones y tendencias en el sector"]	\N
3090cc8b-d7d4-4117-b862-a59fce8e4bbc	Técnicas de Relleno Dermal	https://res.cloudinary.com/dwcrzwawj/image/upload/v1733491373/courses/course-banner-image/v1uuyabbayh3axvyomaf.jpg	Aprende a realizar rellenos dermales con técnicas profesionales.	Intermediate	4.6	12	4.6	instructor-004	170	12	20	MEDICO	2024-12-06 15:18:35.411	2024-12-06 15:18:35.411	5592e743-58af-4792-b25d-ba4b4b7d8a26	f	https://res.cloudinary.com/dwcrzwawj/image/upload/v1733413763/courses/course-main-image/wmulto4u7mfv7qcmtrna.png	\N	["Interés en aprender sobre medicina estética", "No se requieren conocimientos previos", "Acceso a una computadora o dispositivo móvil", "Disposición para realizar prácticas básicas"]	1	["Introducción a las bases de la medicina estética", "Técnicas y procedimientos más utilizados", "Seguridad e higiene en tratamientos estéticos", "Actualizaciones y tendencias en el sector"]	\N
56a4108b-2d35-468b-bfe0-3ebca99bafb6	Tratamientos Estéticos para Manos	https://res.cloudinary.com/dwcrzwawj/image/upload/v1732292386/imagen2png_ccokbg.png	Especialízate en cuidados estéticos para las manos.	Beginner	4.4	10	4.3	instructor-003	140	8	20	MEDICO	2024-12-06 15:18:35.411	2024-12-06 15:18:35.411	5592e743-58af-4792-b25d-ba4b4b7d8a26	f	https://res.cloudinary.com/dwcrzwawj/image/upload/v1733414008/courses/course-main-image/owottark15vkcnp3po2h.png	\N	["Interés en aprender sobre medicina estética", "No se requieren conocimientos previos", "Acceso a una computadora o dispositivo móvil", "Disposición para realizar prácticas básicas"]	1	["Introducción a las bases de la medicina estética", "Técnicas y procedimientos más utilizados", "Seguridad e higiene en tratamientos estéticos", "Actualizaciones y tendencias en el sector"]	\N
98863d00-0cc4-44d8-8b06-2ccdc4950c24	Procedimientos Faciales Avanzados	https://res.cloudinary.com/dwcrzwawj/image/upload/v1733491374/courses/course-banner-image/jfbh5zqev7qyruz06jut.jpg	Especialízate en técnicas avanzadas para procedimientos faciales.	Advanced	4.8	20	4.7	instructor-003	200	20	50	MEDICO	2024-12-06 15:18:35.411	2024-12-06 15:18:35.411	5592e743-58af-4792-b25d-ba4b4b7d8a26	t	https://res.cloudinary.com/dwcrzwawj/image/upload/v1733413763/courses/course-main-image/wmulto4u7mfv7qcmtrna.png	\N	["Interés en aprender sobre medicina estética", "No se requieren conocimientos previos", "Acceso a una computadora o dispositivo móvil", "Disposición para realizar prácticas básicas"]	1	["Introducción a las bases de la medicina estética", "Técnicas y procedimientos más utilizados", "Seguridad e higiene en tratamientos estéticos", "Actualizaciones y tendencias en el sector"]	\N
f9e6522c-7625-4274-a58d-6eeca61b8578	Terapia Física en el Deporte	https://res.cloudinary.com/dwcrzwawj/image/upload/v1733491374/courses/course-banner-image/jfbh5zqev7qyruz06jut.jpg	Domina las técnicas específicas para deportistas.	Advanced	4.9	22	4.8	instructor-004	210	18	45	MEDICO	2024-12-06 15:12:22.561	2024-12-06 15:12:22.561	d81852f0-2a5d-4910-84b6-208f287c4bf2	t	https://res.cloudinary.com/dwcrzwawj/image/upload/v1733413762/courses/course-main-image/gwjt3q1qmxi5qcv4vz3k.png	\N	["Interés en aprender sobre medicina estética", "No se requieren conocimientos previos", "Acceso a una computadora o dispositivo móvil", "Disposición para realizar prácticas básicas"]	1	["Introducción a las bases de la medicina estética", "Técnicas y procedimientos más utilizados", "Seguridad e higiene en tratamientos estéticos", "Actualizaciones y tendencias en el sector"]	\N
87b6d6a2-f822-47b4-8c6e-fb2ca126e17e	Introducción a la Cosmiatría	https://res.cloudinary.com/dwcrzwawj/image/upload/v1733491386/courses/course-banner-image/uiwjud5rkxo2pjjjpytc.jpg	Curso básico sobre los fundamentos de la cosmiatría.	Beginner	4.3	15	4.2	instructor-001	130	10	25	MEDICO	2024-12-06 15:21:31.811	2024-12-06 15:21:31.811	6bbb7bc3-2e67-44fa-8cd4-54273ec2f426	t	https://res.cloudinary.com/dwcrzwawj/image/upload/v1733414007/courses/course-main-image/qqhwsaebibwb0frsk1go.jpg	\N	["Interés en aprender sobre medicina estética", "No se requieren conocimientos previos", "Acceso a una computadora o dispositivo móvil", "Disposición para realizar prácticas básicas"]	1	["Introducción a las bases de la medicina estética", "Técnicas y procedimientos más utilizados", "Seguridad e higiene en tratamientos estéticos", "Actualizaciones y tendencias en el sector"]	\N
ffa83627-c7f1-488d-9779-5ae4b6096c59	Fundamentos de Rehabilitación Física	https://res.cloudinary.com/dwcrzwawj/image/upload/v1732292386/imagen2png_ccokbg.png	Aprende los principios básicos para la rehabilitación física.	Beginner	4.1	10	4.1	instructor-005	110	8	15	MEDICO	2024-12-06 15:12:22.561	2024-12-06 15:12:22.561	d81852f0-2a5d-4910-84b6-208f287c4bf2	t	https://res.cloudinary.com/dwcrzwawj/image/upload/v1733413761/courses/course-main-image/w2gfb4kut2rvy7fgu5a5.jpg	\N	["Interés en aprender sobre medicina estética", "No se requieren conocimientos previos", "Acceso a una computadora o dispositivo móvil", "Disposición para realizar prácticas básicas"]	1	["Introducción a las bases de la medicina estética", "Técnicas y procedimientos más utilizados", "Seguridad e higiene en tratamientos estéticos", "Actualizaciones y tendencias en el sector"]	\N
94e25132-f249-41fc-9b8c-3adf0ca17f1e	Rejuvenecimiento Facial no Quirúrgico	https://res.cloudinary.com/dwcrzwawj/image/upload/v1733491373/courses/course-banner-image/xjzl5denkoy37ldxdkgp.jpg	Técnicas modernas para rejuvenecimiento sin cirugía.	Intermediate	4.5	18	4.5	instructor-001	190	15	38	MEDICO	2024-12-06 15:18:35.411	2024-12-06 15:18:35.411	5592e743-58af-4792-b25d-ba4b4b7d8a26	f	https://res.cloudinary.com/dwcrzwawj/image/upload/v1733413763/courses/course-main-image/wmulto4u7mfv7qcmtrna.png	\N	["Interés en aprender sobre medicina estética", "No se requieren conocimientos previos", "Acceso a una computadora o dispositivo móvil", "Disposición para realizar prácticas básicas"]	1	["Introducción a las bases de la medicina estética", "Técnicas y procedimientos más utilizados", "Seguridad e higiene en tratamientos estéticos", "Actualizaciones y tendencias en el sector"]	\N
cc7e1bce-0cde-45ac-abd8-a65a4347f212	Introducción a Terapia Física	https://res.cloudinary.com/dwcrzwawj/image/upload/v1733491386/courses/course-banner-image/uiwjud5rkxo2pjjjpytc.jpg	Curso básico sobre técnicas iniciales de terapia física.	Beginner	4.2	15	4.3	instructor-001	120	10	30	MEDICO	2024-12-06 15:12:22.561	2024-12-06 15:12:22.561	d81852f0-2a5d-4910-84b6-208f287c4bf2	t	https://res.cloudinary.com/dwcrzwawj/image/upload/v1733413762/courses/course-main-image/eugpchsvqmezyffshlot.png	\N	["Interés en aprender sobre medicina estética", "No se requieren conocimientos previos", "Acceso a una computadora o dispositivo móvil", "Disposición para realizar prácticas básicas"]	1	["Introducción a las bases de la medicina estética", "Técnicas y procedimientos más utilizados", "Seguridad e higiene en tratamientos estéticos", "Actualizaciones y tendencias en el sector"]	\N
cc37bd80-debe-43b8-97f4-cb55984dabcf	Terapia Física Preventiva	https://res.cloudinary.com/dwcrzwawj/image/upload/v1733491380/courses/course-banner-image/atbk8y2sqires7b3cwuj.jpg	Aprende a prevenir lesiones con técnicas de terapia física.	Beginner	4.3	15	4.4	instructor-002	130	10	22	MEDICO	2024-12-06 15:12:22.561	2024-12-06 15:12:22.561	d81852f0-2a5d-4910-84b6-208f287c4bf2	t	https://res.cloudinary.com/dwcrzwawj/image/upload/v1733413762/courses/course-main-image/eugpchsvqmezyffshlot.png	\N	["Interés en aprender sobre medicina estética", "No se requieren conocimientos previos", "Acceso a una computadora o dispositivo móvil", "Disposición para realizar prácticas básicas"]	1	["Introducción a las bases de la medicina estética", "Técnicas y procedimientos más utilizados", "Seguridad e higiene en tratamientos estéticos", "Actualizaciones y tendencias en el sector"]	\N
7d4c2415-bec2-4d02-9b22-18eec9c5ce57	Cosmiatría en el Tratamiento Facial	https://res.cloudinary.com/dwcrzwawj/image/upload/v1733491374/courses/course-banner-image/jfbh5zqev7qyruz06jut.jpg	Especialízate en técnicas cosmiátricas para el rostro.	Intermediate	4.5	18	4.6	instructor-003	160	12	30	MEDICO	2024-12-06 15:21:31.811	2024-12-06 15:21:31.811	6bbb7bc3-2e67-44fa-8cd4-54273ec2f426	t	https://res.cloudinary.com/dwcrzwawj/image/upload/v1733413763/courses/course-main-image/wmulto4u7mfv7qcmtrna.png	\N	["Interés en aprender sobre medicina estética", "No se requieren conocimientos previos", "Acceso a una computadora o dispositivo móvil", "Disposición para realizar prácticas básicas"]	1	["Introducción a las bases de la medicina estética", "Técnicas y procedimientos más utilizados", "Seguridad e higiene en tratamientos estéticos", "Actualizaciones y tendencias en el sector"]	\N
8e1d6aa6-1453-4d9f-9394-3e44c49333d0	Dietoterapia Avanzada	https://res.cloudinary.com/dwcrzwawj/image/upload/v1732292386/imagen2png_ccokbg.png	Curso avanzado en dietoterapia para enfermedades crónicas.	Advanced	4.8	25	4.7	instructor-005	250	18	40	MEDICO	2024-12-06 15:30:10.708	2024-12-06 15:30:10.708	f4f64263-69e8-469d-8127-b52133d27abf	t	https://res.cloudinary.com/dwcrzwawj/image/upload/v1733413763/courses/course-main-image/wmulto4u7mfv7qcmtrna.png	\N	["Interés en aprender sobre medicina estética", "No se requieren conocimientos previos", "Acceso a una computadora o dispositivo móvil", "Disposición para realizar prácticas básicas"]	1	["Introducción a las bases de la medicina estética", "Técnicas y procedimientos más utilizados", "Seguridad e higiene en tratamientos estéticos", "Actualizaciones y tendencias en el sector"]	\N
9d7c1ec7-5de3-4206-88eb-53c5ba4c3bba	Fundamentos Clínicos de Dermatología	https://res.cloudinary.com/dwcrzwawj/image/upload/v1732292386/imagen2png_ccokbg.png	Especialízate en los fundamentos clínicos de la dermatología.	Beginner	4.2	10	4.3	instructor-005	100	5	25	MEDICO	2024-12-06 15:15:34.683	2024-12-06 15:15:34.683	5592e743-58af-4792-b25d-ba4b4b7d8a26	f	https://res.cloudinary.com/dwcrzwawj/image/upload/v1733413763/courses/course-main-image/wmulto4u7mfv7qcmtrna.png	\N	["Interés en aprender sobre medicina estética", "No se requieren conocimientos previos", "Acceso a una computadora o dispositivo móvil", "Disposición para realizar prácticas básicas"]	1	["Introducción a las bases de la medicina estética", "Técnicas y procedimientos más utilizados", "Seguridad e higiene en tratamientos estéticos", "Actualizaciones y tendencias en el sector"]	\N
be8b64b5-2a4c-4fb5-bab4-5019548eb543	Técnicas Modernas de Medicina Estética	https://res.cloudinary.com/dwcrzwawj/image/upload/v1733491380/courses/course-banner-image/atbk8y2sqires7b3cwuj.jpg	Descubre las técnicas más innovadoras de la medicina estética.	Intermediate	4.5	18	4.5	instructor-002	180	15	35	MEDICO	2024-12-06 15:18:35.411	2024-12-06 15:18:35.411	5592e743-58af-4792-b25d-ba4b4b7d8a26	f	https://res.cloudinary.com/dwcrzwawj/image/upload/v1733413762/courses/course-main-image/eugpchsvqmezyffshlot.png	\N	["Interés en aprender sobre medicina estética", "No se requieren conocimientos previos", "Acceso a una computadora o dispositivo móvil", "Disposición para realizar prácticas básicas"]	1	["Introducción a las bases de la medicina estética", "Técnicas y procedimientos más utilizados", "Seguridad e higiene en tratamientos estéticos", "Actualizaciones y tendencias en el sector"]	\N
50272ffa-1da3-4e94-9750-63902d014a38	Nutrición Clínica Avanzada	https://res.cloudinary.com/dwcrzwawj/image/upload/v1733491374/courses/course-banner-image/jfbh5zqev7qyruz06jut.jpg	Especialízate en el tratamiento de enfermedades mediante la nutrición.	Advanced	4.7	20	4.6	instructor-003	200	20	50	MEDICO	2024-12-06 15:30:10.708	2024-12-06 15:30:10.708	f4f64263-69e8-469d-8127-b52133d27abf	t	https://res.cloudinary.com/dwcrzwawj/image/upload/v1733413763/courses/course-main-image/wmulto4u7mfv7qcmtrna.png	\N	["Interés en aprender sobre medicina estética", "No se requieren conocimientos previos", "Acceso a una computadora o dispositivo móvil", "Disposición para realizar prácticas básicas"]	1	["Introducción a las bases de la medicina estética", "Técnicas y procedimientos más utilizados", "Seguridad e higiene en tratamientos estéticos", "Actualizaciones y tendencias en el sector"]	\N
d5b6833b-0e58-42af-a530-606550579958	Terapia Física Postural	https://res.cloudinary.com/dwcrzwawj/image/upload/v1732292386/imagen2png_ccokbg.png	Especialízate en técnicas de corrección postural.	Intermediate	4.4	14	4.5	instructor-005	160	10	30	MEDICO	2024-12-06 15:12:22.561	2024-12-06 15:12:22.561	d81852f0-2a5d-4910-84b6-208f287c4bf2	f	https://res.cloudinary.com/dwcrzwawj/image/upload/v1733413762/courses/course-main-image/gwjt3q1qmxi5qcv4vz3k.png	\N	["Interés en aprender sobre medicina estética", "No se requieren conocimientos previos", "Acceso a una computadora o dispositivo móvil", "Disposición para realizar prácticas básicas"]	1	["Introducción a las bases de la medicina estética", "Técnicas y procedimientos más utilizados", "Seguridad e higiene en tratamientos estéticos", "Actualizaciones y tendencias en el sector"]	\N
8234a063-4ece-4a80-ba13-6c9ad1512bbd	Nutrición en el Embarazo	https://res.cloudinary.com/dwcrzwawj/image/upload/v1733491373/courses/course-banner-image/xjzl5denkoy37ldxdkgp.jpg	Conoce los principios de nutrición para madres embarazadas.	Intermediate	4.4	18	4.3	instructor-001	160	12	35	MEDICO	2024-12-06 15:30:10.708	2024-12-06 15:30:10.708	f4f64263-69e8-469d-8127-b52133d27abf	f	https://res.cloudinary.com/dwcrzwawj/image/upload/v1733413763/courses/course-main-image/wmulto4u7mfv7qcmtrna.png	\N	["Interés en aprender sobre medicina estética", "No se requieren conocimientos previos", "Acceso a una computadora o dispositivo móvil", "Disposición para realizar prácticas básicas"]	1	["Introducción a las bases de la medicina estética", "Técnicas y procedimientos más utilizados", "Seguridad e higiene en tratamientos estéticos", "Actualizaciones y tendencias en el sector"]	\N
8b4e499e-dff3-40c7-913a-699b3bc77234	Introducción a la Nutrición	https://res.cloudinary.com/dwcrzwawj/image/upload/v1733491386/courses/course-banner-image/uiwjud5rkxo2pjjjpytc.jpg	Curso básico sobre principios de nutrición.	Beginner	4.2	15	4.1	instructor-001	120	10	25	MEDICO	2024-12-06 15:30:10.708	2024-12-06 15:30:10.708	f4f64263-69e8-469d-8127-b52133d27abf	t	https://res.cloudinary.com/dwcrzwawj/image/upload/v1733414007/courses/course-main-image/qqhwsaebibwb0frsk1go.jpg	\N	["Interés en aprender sobre medicina estética", "No se requieren conocimientos previos", "Acceso a una computadora o dispositivo móvil", "Disposición para realizar prácticas básicas"]	1	["Introducción a las bases de la medicina estética", "Técnicas y procedimientos más utilizados", "Seguridad e higiene en tratamientos estéticos", "Actualizaciones y tendencias en el sector"]	\N
65a78f37-dd3f-4e69-bc1c-e58a73226453	Terapia Física Intermedia	https://res.cloudinary.com/dwcrzwawj/image/upload/v1733491380/courses/course-banner-image/atbk8y2sqires7b3cwuj.jpg	Aumenta tus habilidades en terapia física con técnicas intermedias.	Intermediate	4.5	3	4.5	instructor-002	150	15	25	MEDICO	2024-12-06 15:12:22.561	2024-12-06 15:12:22.561	d81852f0-2a5d-4910-84b6-208f287c4bf2	f	https://res.cloudinary.com/dwcrzwawj/image/upload/v1733413763/courses/course-main-image/wmulto4u7mfv7qcmtrna.png	\N	["Interés en aprender sobre medicina estética", "No se requieren conocimientos previos", "Acceso a una computadora o dispositivo móvil", "Disposición para realizar prácticas básicas"]	1	["Introducción a las bases de la medicina estética", "Técnicas y procedimientos más utilizados", "Seguridad e higiene en tratamientos estéticos", "Actualizaciones y tendencias en el sector"]	\N
22ed5f7b-cd01-46c4-a2fe-b5327f112883	Cosmetología Avanzada en Tratamientos Capilares	https://res.cloudinary.com/dwcrzwawj/image/upload/v1732292386/imagen2png_ccokbg.png	Aprende técnicas avanzadas para el cuidado del cabello.	Advanced	4.8	25	4.9	instructor-005	250	18	40	MEDICO	2024-12-06 15:21:31.811	2024-12-06 15:21:31.811	6bbb7bc3-2e67-44fa-8cd4-54273ec2f426	t	https://res.cloudinary.com/dwcrzwawj/image/upload/v1733413763/courses/course-main-image/wmulto4u7mfv7qcmtrna.png	\N	["Interés en aprender sobre medicina estética", "No se requieren conocimientos previos", "Acceso a una computadora o dispositivo móvil", "Disposición para realizar prácticas básicas"]	1	["Introducción a las bases de la medicina estética", "Técnicas y procedimientos más utilizados", "Seguridad e higiene en tratamientos estéticos", "Actualizaciones y tendencias en el sector"]	\N
562b73b6-b88b-4530-97c3-c3237d2656a5	Cosmiatría para el Rejuvenecimiento Facial	https://res.cloudinary.com/dwcrzwawj/image/upload/v1733491380/courses/course-banner-image/atbk8y2sqires7b3cwuj.jpg	Descubre técnicas para el rejuvenecimiento facial.	Intermediate	4.4	12	4.5	instructor-002	140	10	25	MEDICO	2024-12-06 15:21:31.811	2024-12-06 15:21:31.811	6bbb7bc3-2e67-44fa-8cd4-54273ec2f426	t	https://res.cloudinary.com/dwcrzwawj/image/upload/v1733413763/courses/course-main-image/wmulto4u7mfv7qcmtrna.png	\N	["Interés en aprender sobre medicina estética", "No se requieren conocimientos previos", "Acceso a una computadora o dispositivo móvil", "Disposición para realizar prácticas básicas"]	1	["Introducción a las bases de la medicina estética", "Técnicas y procedimientos más utilizados", "Seguridad e higiene en tratamientos estéticos", "Actualizaciones y tendencias en el sector"]	\N
e12bdcf2-0408-44ff-aecf-5b6a7c228f0a	Botox y Toxina Botulínica	https://res.cloudinary.com/dwcrzwawj/image/upload/v1732292386/imagen2png_ccokbg.png	Curso avanzado sobre el uso de botox y toxina botulínica.	Advanced	4.7	25	4.8	instructor-005	250	18	45	MEDICO	2024-12-06 15:18:35.411	2024-12-06 15:18:35.411	5592e743-58af-4792-b25d-ba4b4b7d8a26	t	https://res.cloudinary.com/dwcrzwawj/image/upload/v1733413762/courses/course-main-image/gwjt3q1qmxi5qcv4vz3k.png	\N	["Interés en aprender sobre medicina estética", "No se requieren conocimientos previos", "Acceso a una computadora o dispositivo móvil", "Disposición para realizar prácticas básicas"]	1	["Introducción a las bases de la medicina estética", "Técnicas y procedimientos más utilizados", "Seguridad e higiene en tratamientos estéticos", "Actualizaciones y tendencias en el sector"]	\N
26e2a5a4-8e81-410a-a214-0a569c0895b4	Fitoterapia: Uso de Plantas Medicinales	https://res.cloudinary.com/dwcrzwawj/image/upload/v1733491373/courses/course-banner-image/v1uuyabbayh3axvyomaf.jpg	Aprende sobre el uso de plantas medicinales en el tratamiento de enfermedades.	Intermediate	4.4	15	4.5	instructor-004	180	15	40	MEDICO	2024-12-06 15:42:07.512	2024-12-06 15:42:07.512	48ee7535-5b78-4011-93ee-4f37e7591f81	f	https://res.cloudinary.com/dwcrzwawj/image/upload/v1733413763/courses/course-main-image/wmulto4u7mfv7qcmtrna.png	\N	["Interés en aprender sobre medicina estética", "No se requieren conocimientos previos", "Acceso a una computadora o dispositivo móvil", "Disposición para realizar prácticas básicas"]	1	["Introducción a las bases de la medicina estética", "Técnicas y procedimientos más utilizados", "Seguridad e higiene en tratamientos estéticos", "Actualizaciones y tendencias en el sector"]	\N
7f4b3365-415e-4aa4-9376-559678bcb5f5	Reiki y Energía Vital	https://res.cloudinary.com/dwcrzwawj/image/upload/v1733491380/courses/course-banner-image/atbk8y2sqires7b3cwuj.jpg	Descubre la práctica del Reiki y cómo trabaja con la energía vital.	Intermediate	4.3	18	4.4	instructor-002	150	12	38	MEDICO	2024-12-06 15:42:07.512	2024-12-06 15:42:07.512	48ee7535-5b78-4011-93ee-4f37e7591f81	t	https://res.cloudinary.com/dwcrzwawj/image/upload/v1733413763/courses/course-main-image/wmulto4u7mfv7qcmtrna.png	\N	["Interés en aprender sobre medicina estética", "No se requieren conocimientos previos", "Acceso a una computadora o dispositivo móvil", "Disposición para realizar prácticas básicas"]	1	["Introducción a las bases de la medicina estética", "Técnicas y procedimientos más utilizados", "Seguridad e higiene en tratamientos estéticos", "Actualizaciones y tendencias en el sector"]	\N
3ea7d1de-9622-4c49-b5d0-c6ac45714b6a	Medicina Alternativa para el Bienestar	https://res.cloudinary.com/dwcrzwawj/image/upload/v1732292386/imagen2png_ccokbg.png	Cursos sobre medicina alternativa enfocados en la mejora del bienestar.	Beginner	4.4	14	4.5	instructor-003	130	10	28	MEDICO	2024-12-06 15:42:07.512	2024-12-06 15:42:07.512	48ee7535-5b78-4011-93ee-4f37e7591f81	f	https://res.cloudinary.com/dwcrzwawj/image/upload/v1733413763/courses/course-main-image/wmulto4u7mfv7qcmtrna.png	\N	["Interés en aprender sobre medicina estética", "No se requieren conocimientos previos", "Acceso a una computadora o dispositivo móvil", "Disposición para realizar prácticas básicas"]	1	["Introducción a las bases de la medicina estética", "Técnicas y procedimientos más utilizados", "Seguridad e higiene en tratamientos estéticos", "Actualizaciones y tendencias en el sector"]	\N
9bfc50e7-b816-4bee-bc8a-6158f13d8fa3	Técnicas Avanzadas de Peeling	https://res.cloudinary.com/dwcrzwawj/image/upload/v1733491374/courses/course-banner-image/jfbh5zqev7qyruz06jut.jpg	Curso especializado en técnicas avanzadas de peeling químico.	Advanced	4.9	30	4.8	instructor-004	220	18	60	MEDICO	2024-12-06 15:18:35.411	2024-12-06 15:18:35.411	5592e743-58af-4792-b25d-ba4b4b7d8a26	t	https://res.cloudinary.com/dwcrzwawj/image/upload/v1733413763/courses/course-main-image/wmulto4u7mfv7qcmtrna.png	\N	["Interés en aprender sobre medicina estética", "No se requieren conocimientos previos", "Acceso a una computadora o dispositivo móvil", "Disposición para realizar prácticas básicas"]	1	["Introducción a las bases de la medicina estética", "Técnicas y procedimientos más utilizados", "Seguridad e higiene en tratamientos estéticos", "Actualizaciones y tendencias en el sector"]	\N
8579c4dc-5c29-460a-84c9-4747347c5722	Homeopatía Básica	https://res.cloudinary.com/dwcrzwawj/image/upload/v1732292386/imagen2png_ccokbg.png	Curso introductorio a la homeopatía y su aplicación en la medicina alternativa.	Beginner	4.2	12	4.3	instructor-005	140	10	35	MEDICO	2024-12-06 15:42:07.512	2024-12-06 15:42:07.512	48ee7535-5b78-4011-93ee-4f37e7591f81	t	https://res.cloudinary.com/dwcrzwawj/image/upload/v1733414007/courses/course-main-image/qqhwsaebibwb0frsk1go.jpg	\N	["Interés en aprender sobre medicina estética", "No se requieren conocimientos previos", "Acceso a una computadora o dispositivo móvil", "Disposición para realizar prácticas básicas"]	1	["Introducción a las bases de la medicina estética", "Técnicas y procedimientos más utilizados", "Seguridad e higiene en tratamientos estéticos", "Actualizaciones y tendencias en el sector"]	\N
a7aac1e4-a58e-4998-b3da-4695f7285ca9	Medicina Estética en Cuerpo y Rostro	https://res.cloudinary.com/dwcrzwawj/image/upload/v1733491380/courses/course-banner-image/atbk8y2sqires7b3cwuj.jpg	Aprende sobre tratamientos estéticos para cuerpo y rostro.	Beginner	4.3	15	4.4	instructor-002	160	10	30	MEDICO	2024-12-06 15:18:35.411	2024-12-06 15:18:35.411	5592e743-58af-4792-b25d-ba4b4b7d8a26	t	https://res.cloudinary.com/dwcrzwawj/image/upload/v1733413762/courses/course-main-image/eugpchsvqmezyffshlot.png	\N	["Interés en aprender sobre medicina estética", "No se requieren conocimientos previos", "Acceso a una computadora o dispositivo móvil", "Disposición para realizar prácticas básicas"]	1	["Introducción a las bases de la medicina estética", "Técnicas y procedimientos más utilizados", "Seguridad e higiene en tratamientos estéticos", "Actualizaciones y tendencias en el sector"]	\N
594a831e-cfa4-48ca-8e4a-549985fba112	Cosmetología para el Cuidado de la Piel	https://res.cloudinary.com/dwcrzwawj/image/upload/v1733491373/courses/course-banner-image/v1uuyabbayh3axvyomaf.jpg	Descubre técnicas especializadas para el cuidado de la piel.	Beginner	4.2	10	4.3	instructor-004	110	8	20	MEDICO	2024-12-06 15:21:31.811	2024-12-06 15:21:31.811	6bbb7bc3-2e67-44fa-8cd4-54273ec2f426	f	https://res.cloudinary.com/dwcrzwawj/image/upload/v1733413763/courses/course-main-image/wmulto4u7mfv7qcmtrna.png	\N	["Interés en aprender sobre medicina estética", "No se requieren conocimientos previos", "Acceso a una computadora o dispositivo móvil", "Disposición para realizar prácticas básicas"]	1	["Introducción a las bases de la medicina estética", "Técnicas y procedimientos más utilizados", "Seguridad e higiene en tratamientos estéticos", "Actualizaciones y tendencias en el sector"]	\N
bd10b66b-339d-4f3b-917f-b968aac3c98e	Estética Preventiva: Primeros Pasos	https://res.cloudinary.com/dwcrzwawj/image/upload/v1732292386/imagen2png_ccokbg.png	Descubre cómo prevenir el envejecimiento con estética básica.	Beginner	4.2	12	4.3	instructor-005	110	5	25	MEDICO	2024-12-06 15:18:35.411	2024-12-06 15:18:35.411	5592e743-58af-4792-b25d-ba4b4b7d8a26	f	https://res.cloudinary.com/dwcrzwawj/image/upload/v1733413762/courses/course-main-image/eugpchsvqmezyffshlot.png	\N	["Interés en aprender sobre medicina estética", "No se requieren conocimientos previos", "Acceso a una computadora o dispositivo móvil", "Disposición para realizar prácticas básicas"]	1	["Introducción a las bases de la medicina estética", "Técnicas y procedimientos más utilizados", "Seguridad e higiene en tratamientos estéticos", "Actualizaciones y tendencias en el sector"]	\N
9ddd741b-97e2-4303-9395-8ff7e5050971	Técnicas de Cosmiatría Avanzada	https://res.cloudinary.com/dwcrzwawj/image/upload/v1733491380/courses/course-banner-image/atbk8y2sqires7b3cwuj.jpg	Aprende técnicas avanzadas en tratamientos cosmiátricos.	Advanced	4.7	20	4.8	instructor-002	200	15	35	MEDICO	2024-12-06 15:21:31.811	2024-12-06 15:21:31.811	6bbb7bc3-2e67-44fa-8cd4-54273ec2f426	f	https://res.cloudinary.com/dwcrzwawj/image/upload/v1733413763/courses/course-main-image/wmulto4u7mfv7qcmtrna.png	\N	["Interés en aprender sobre medicina estética", "No se requieren conocimientos previos", "Acceso a una computadora o dispositivo móvil", "Disposición para realizar prácticas básicas"]	1	["Introducción a las bases de la medicina estética", "Técnicas y procedimientos más utilizados", "Seguridad e higiene en tratamientos estéticos", "Actualizaciones y tendencias en el sector"]	\N
2b6f6672-4145-4b62-8e1e-64575db98765	Cosmiatría avanzada	https://res.cloudinary.com/dwcrzwawj/image/upload/v1733491380/courses/course-banner-image/atbk8y2sqires7b3cwuj.jpg	Curso avanzado para profesionales en el área de la cosmiatría.	Advanced	4.8	20	4.9	instructor-002	200	15	30	MEDICO	2024-12-06 15:01:15.61	2024-12-06 15:01:15.61	6bbb7bc3-2e67-44fa-8cd4-54273ec2f426	f	https://res.cloudinary.com/dwcrzwawj/image/upload/v1733414008/courses/course-main-image/owottark15vkcnp3po2h.png	\N	["Interés en aprender sobre medicina estética", "No se requieren conocimientos previos", "Acceso a una computadora o dispositivo móvil", "Disposición para realizar prácticas básicas"]	1	["Introducción a las bases de la medicina estética", "Técnicas y procedimientos más utilizados", "Seguridad e higiene en tratamientos estéticos", "Actualizaciones y tendencias en el sector"]	\N
39efacc5-302c-4eb7-8522-fc0d9e72f793	Gestión de Recursos Humanos	https://res.cloudinary.com/dwcrzwawj/image/upload/v1733491380/courses/course-banner-image/atbk8y2sqires7b3cwuj.jpg	Técnicas modernas para gestionar equipos de trabajo.	Intermediate	4.5	18	4.6	instructor-002	180	15	30	MEDICO	2024-12-06 15:26:45.887	2024-12-06 15:26:45.887	ca3783bf-6f6d-44b3-8748-b58f3ae335e8	f	https://res.cloudinary.com/dwcrzwawj/image/upload/v1733413763/courses/course-main-image/wmulto4u7mfv7qcmtrna.png	\N	["Interés en aprender sobre medicina estética", "No se requieren conocimientos previos", "Acceso a una computadora o dispositivo móvil", "Disposición para realizar prácticas básicas"]	1	["Introducción a las bases de la medicina estética", "Técnicas y procedimientos más utilizados", "Seguridad e higiene en tratamientos estéticos", "Actualizaciones y tendencias en el sector"]	\N
24bef67a-d7ce-4121-8d12-b38ea64a49ea	Rehabilitación Física Avanzada	https://res.cloudinary.com/dwcrzwawj/image/upload/v1733491374/courses/course-banner-image/jfbh5zqev7qyruz06jut.jpg	Domina técnicas avanzadas en rehabilitación física.	Advanced	4.8	25	4.7	instructor-003	200	20	40	MEDICO	2024-12-06 15:12:22.561	2024-12-06 15:12:22.561	d81852f0-2a5d-4910-84b6-208f287c4bf2	t	https://res.cloudinary.com/dwcrzwawj/image/upload/v1733414008/courses/course-main-image/owottark15vkcnp3po2h.png	\N	["Interés en aprender sobre medicina estética", "No se requieren conocimientos previos", "Acceso a una computadora o dispositivo móvil", "Disposición para realizar prácticas básicas"]	1	["Introducción a las bases de la medicina estética", "Técnicas y procedimientos más utilizados", "Seguridad e higiene en tratamientos estéticos", "Actualizaciones y tendencias en el sector"]	\N
52c224e7-6d46-40e0-a9ac-f715c7c755ed	Dermatología Avanzada	https://res.cloudinary.com/dwcrzwawj/image/upload/v1733491373/courses/course-banner-image/v1uuyabbayh3axvyomaf.jpg	Curso avanzado sobre técnicas de diagnóstico y tratamiento dermatológico.	Advanced	4.8	30	4.7	instructor-004	250	20	60	MEDICO	2024-12-06 15:15:34.683	2024-12-06 15:15:34.683	5592e743-58af-4792-b25d-ba4b4b7d8a26	f	https://res.cloudinary.com/dwcrzwawj/image/upload/v1733414008/courses/course-main-image/owottark15vkcnp3po2h.png	\N	["Interés en aprender sobre medicina estética", "No se requieren conocimientos previos", "Acceso a una computadora o dispositivo móvil", "Disposición para realizar prácticas básicas"]	1	["Introducción a las bases de la medicina estética", "Técnicas y procedimientos más utilizados", "Seguridad e higiene en tratamientos estéticos", "Actualizaciones y tendencias en el sector"]	\N
43dd56e8-c8dd-4d4a-9ba6-c35e1b7070ed	Introducción a la Administración de Empresas	https://res.cloudinary.com/dwcrzwawj/image/upload/v1733491386/courses/course-banner-image/uiwjud5rkxo2pjjjpytc.jpg	Aprende los fundamentos básicos de la administración de empresas.	Beginner	4.2	12	4.1	instructor-001	120	10	25	MEDICO	2024-12-06 15:26:45.887	2024-12-06 15:26:45.887	ca3783bf-6f6d-44b3-8748-b58f3ae335e8	t	https://res.cloudinary.com/dwcrzwawj/image/upload/v1733414008/courses/course-main-image/owottark15vkcnp3po2h.png	\N	["Interés en aprender sobre medicina estética", "No se requieren conocimientos previos", "Acceso a una computadora o dispositivo móvil", "Disposición para realizar prácticas básicas"]	1	["Introducción a las bases de la medicina estética", "Técnicas y procedimientos más utilizados", "Seguridad e higiene en tratamientos estéticos", "Actualizaciones y tendencias en el sector"]	\N
320d5eaf-35be-43e9-9d00-dc2b03a07dc9	Nutrición Deportiva	https://res.cloudinary.com/dwcrzwawj/image/upload/v1733491380/courses/course-banner-image/atbk8y2sqires7b3cwuj.jpg	Aprende a planificar dietas específicas para deportistas.	Intermediate	4.5	18	4.4	instructor-002	150	15	30	MEDICO	2024-12-06 15:30:10.708	2024-12-06 15:30:10.708	f4f64263-69e8-469d-8127-b52133d27abf	f	https://res.cloudinary.com/dwcrzwawj/image/upload/v1733414008/courses/course-main-image/owottark15vkcnp3po2h.png	\N	["Interés en aprender sobre medicina estética", "No se requieren conocimientos previos", "Acceso a una computadora o dispositivo móvil", "Disposición para realizar prácticas básicas"]	1	["Introducción a las bases de la medicina estética", "Técnicas y procedimientos más utilizados", "Seguridad e higiene en tratamientos estéticos", "Actualizaciones y tendencias en el sector"]	\N
28b5f40f-d9d1-4651-8183-105b0eaf22e1	Cosmetología Clínica	https://res.cloudinary.com/dwcrzwawj/image/upload/v1732292386/imagen2png_ccokbg.png	Curso avanzado sobre cosmetología clínica.	Advanced	4.9	25	4.8	instructor-005	210	20	45	COSMETOLOGO	2024-12-06 15:21:31.811	2024-12-06 15:21:31.811	6bbb7bc3-2e67-44fa-8cd4-54273ec2f426	f	https://res.cloudinary.com/dwcrzwawj/image/upload/v1733414008/courses/course-main-image/owottark15vkcnp3po2h.png	\N	["Interés en aprender sobre medicina estética", "No se requieren conocimientos previos", "Acceso a una computadora o dispositivo móvil", "Disposición para realizar prácticas básicas"]	1	["Introducción a las bases de la medicina estética", "Técnicas y procedimientos más utilizados", "Seguridad e higiene en tratamientos estéticos", "Actualizaciones y tendencias en el sector"]	\N
a529bb5c-9ef1-4432-9718-edc3bbf75a62	Química Cosmética Avanzada	https://res.cloudinary.com/dwcrzwawj/image/upload/v1733491374/courses/course-banner-image/jfbh5zqev7qyruz06jut.jpg	Curso avanzado en formulación y desarrollo de productos cosméticos.	Advanced	4.7	20	4.8	instructor-003	200	18	45	MEDICO	2024-12-06 15:43:26.795	2024-12-06 15:43:26.795	ad922bc3-7e02-4a2a-8f50-17581584bbe1	t	https://res.cloudinary.com/dwcrzwawj/image/upload/v1733413763/courses/course-main-image/wmulto4u7mfv7qcmtrna.png	\N	["Interés en aprender sobre medicina estética", "No se requieren conocimientos previos", "Acceso a una computadora o dispositivo móvil", "Disposición para realizar prácticas básicas"]	1	["Introducción a las bases de la medicina estética", "Técnicas y procedimientos más utilizados", "Seguridad e higiene en tratamientos estéticos", "Actualizaciones y tendencias en el sector"]	\N
fc9c18fa-f6dc-41c4-8ffc-ce1e7d6f1bdc	Autocuidado y Bienestar Personal	https://res.cloudinary.com/dwcrzwawj/image/upload/v1732292386/imagen2png_ccokbg.png	Aprende técnicas de autocuidado y cómo mejorar tu bienestar personal.	Beginner	4.2	10	4.3	instructor-005	120	10	30	MEDICO	2024-12-06 15:45:30.619	2024-12-06 15:45:30.619	b79073b0-4f23-40c9-acc3-08a276546059	f	https://res.cloudinary.com/dwcrzwawj/image/upload/v1733413761/courses/course-main-image/w2gfb4kut2rvy7fgu5a5.jpg	\N	["Interés en aprender sobre medicina estética", "No se requieren conocimientos previos", "Acceso a una computadora o dispositivo móvil", "Disposición para realizar prácticas básicas"]	1	["Introducción a las bases de la medicina estética", "Técnicas y procedimientos más utilizados", "Seguridad e higiene en tratamientos estéticos", "Actualizaciones y tendencias en el sector"]	\N
36ead078-b38f-4cb4-bbeb-d312be1b8e43	Gestión Financiera para Pymes	https://res.cloudinary.com/dwcrzwawj/image/upload/v1733491374/courses/course-banner-image/jfbh5zqev7qyruz06jut.jpg	Aprende a gestionar las finanzas de pequeñas empresas.	Intermediate	4.5	18	4.6	instructor-004	150	10	35	MEDICO	2024-12-06 15:26:45.887	2024-12-06 15:26:45.887	ca3783bf-6f6d-44b3-8748-b58f3ae335e8	t	https://res.cloudinary.com/dwcrzwawj/image/upload/v1733414008/courses/course-main-image/owottark15vkcnp3po2h.png	\N	["Interés en aprender sobre medicina estética", "No se requieren conocimientos previos", "Acceso a una computadora o dispositivo móvil", "Disposición para realizar prácticas básicas"]	1	["Introducción a las bases de la medicina estética", "Técnicas y procedimientos más utilizados", "Seguridad e higiene en tratamientos estéticos", "Actualizaciones y tendencias en el sector"]	\N
dd1940e9-4cbd-4531-a69d-a6f3cbf5bed5	Nutrición Infantil	https://res.cloudinary.com/dwcrzwawj/image/upload/v1733491380/courses/course-banner-image/atbk8y2sqires7b3cwuj.jpg	Aprende a planificar comidas para niños en crecimiento.	Beginner	4.3	12	4.2	instructor-002	130	10	30	MEDICO	2024-12-06 15:30:10.708	2024-12-06 15:30:10.708	f4f64263-69e8-469d-8127-b52133d27abf	t	https://res.cloudinary.com/dwcrzwawj/image/upload/v1733413762/courses/course-main-image/gwjt3q1qmxi5qcv4vz3k.png	\N	["Interés en aprender sobre medicina estética", "No se requieren conocimientos previos", "Acceso a una computadora o dispositivo móvil", "Disposición para realizar prácticas básicas"]	1	["Introducción a las bases de la medicina estética", "Técnicas y procedimientos más utilizados", "Seguridad e higiene en tratamientos estéticos", "Actualizaciones y tendencias en el sector"]	\N
a66840fd-5457-4d4a-8b44-d2d65a29b5e5	Marketing Digital para Negocios	https://res.cloudinary.com/dwcrzwawj/image/upload/v1733491373/courses/course-banner-image/xjzl5denkoy37ldxdkgp.jpg	Aprende estrategias efectivas de marketing digital.	Intermediate	4.4	18	4.5	instructor-001	160	12	35	MEDICO	2024-12-06 15:26:45.887	2024-12-06 15:26:45.887	ca3783bf-6f6d-44b3-8748-b58f3ae335e8	f	https://res.cloudinary.com/dwcrzwawj/image/upload/v1733413763/courses/course-main-image/wmulto4u7mfv7qcmtrna.png	\N	["Interés en aprender sobre medicina estética", "No se requieren conocimientos previos", "Acceso a una computadora o dispositivo móvil", "Disposición para realizar prácticas básicas"]	1	["Introducción a las bases de la medicina estética", "Técnicas y procedimientos más utilizados", "Seguridad e higiene en tratamientos estéticos", "Actualizaciones y tendencias en el sector"]	\N
32c03e57-308c-42dc-bc05-9055474aec0b	Cosmetología Preventiva para la Piel	https://res.cloudinary.com/dwcrzwawj/image/upload/v1733491374/courses/course-banner-image/jfbh5zqev7qyruz06jut.jpg	Aprende técnicas para prevenir el envejecimiento de la piel.	Intermediate	4.5	15	4.6	instructor-004	130	12	28	MEDICO	2024-12-06 15:21:31.811	2024-12-06 15:21:31.811	6bbb7bc3-2e67-44fa-8cd4-54273ec2f426	t	https://res.cloudinary.com/dwcrzwawj/image/upload/v1733413763/courses/course-main-image/wmulto4u7mfv7qcmtrna.png	\N	["Interés en aprender sobre medicina estética", "No se requieren conocimientos previos", "Acceso a una computadora o dispositivo móvil", "Disposición para realizar prácticas básicas"]	1	["Introducción a las bases de la medicina estética", "Técnicas y procedimientos más utilizados", "Seguridad e higiene en tratamientos estéticos", "Actualizaciones y tendencias en el sector"]	\N
72164782-d10d-4752-8028-f00ac93001fb	Meditación para el Bienestar	https://res.cloudinary.com/dwcrzwawj/image/upload/v1732292386/imagen2png_ccokbg.png	Curso avanzado sobre prácticas de meditación para mejorar la salud mental.	Advanced	4.8	25	4.9	instructor-005	220	18	50	MEDICO	2024-12-06 15:45:30.619	2024-12-06 15:45:30.619	b79073b0-4f23-40c9-acc3-08a276546059	t	https://res.cloudinary.com/dwcrzwawj/image/upload/v1733413763/courses/course-main-image/wmulto4u7mfv7qcmtrna.png	\N	["Interés en aprender sobre medicina estética", "No se requieren conocimientos previos", "Acceso a una computadora o dispositivo móvil", "Disposición para realizar prácticas básicas"]	1	["Introducción a las bases de la medicina estética", "Técnicas y procedimientos más utilizados", "Seguridad e higiene en tratamientos estéticos", "Actualizaciones y tendencias en el sector"]	\N
4f8b2d5c-c302-4e69-b9df-b676c3b5c99f	Nutrición en pacientes con patologías	https://res.cloudinary.com/dwcrzwawj/image/upload/v1733491373/courses/course-banner-image/v1uuyabbayh3axvyomaf.jpg	Curso especializado en nutrición clínica.	Advanced	4.7	15	4.8	instructor-004	180	20	35	MEDICO	2024-12-06 15:01:15.61	2024-12-06 15:01:15.61	f4f64263-69e8-469d-8127-b52133d27abf	f	https://res.cloudinary.com/dwcrzwawj/image/upload/v1733413763/courses/course-main-image/wmulto4u7mfv7qcmtrna.png	\N	["Interés en aprender sobre medicina estética", "No se requieren conocimientos previos", "Acceso a una computadora o dispositivo móvil", "Disposición para realizar prácticas básicas"]	1	["Introducción a las bases de la medicina estética", "Técnicas y procedimientos más utilizados", "Seguridad e higiene en tratamientos estéticos", "Actualizaciones y tendencias en el sector"]	\N
9ab937f0-54c5-4cae-b544-25137c4fd1de	Fundamentos de Dermatología	https://res.cloudinary.com/dwcrzwawj/image/upload/v1733491386/courses/course-banner-image/uiwjud5rkxo2pjjjpytc.jpg	Curso introductorio sobre las bases de la dermatología.	Beginner	4.3	5	4.1	instructor-001	150	10	40	MEDICO	2024-12-06 15:15:34.683	2024-12-06 15:15:34.683	5592e743-58af-4792-b25d-ba4b4b7d8a26	t	https://res.cloudinary.com/dwcrzwawj/image/upload/v1733413763/courses/course-main-image/wmulto4u7mfv7qcmtrna.png	Este curso está diseñado para proporcionar una formación integral sobre los cuidados y protocolos que aseguran seguridad antes y después de una intervención quirúrgica. La formación virtual hace la preparación del paciente, asegurando que esté en las mejores condiciones para la cirugía.\n\nPosteriormente, te centrarás en el manejo postoperatorio, adquiriendo habilidades para controlar el dolor, manejar posibles complicaciones y facilitar una pronta recuperación. También se abordará la comunicación efectiva con los pacientes y sus familiares.	["Interés en aprender sobre medicina estética", "No se requieren conocimientos previos", "Acceso a una computadora o dispositivo móvil", "Disposición para realizar prácticas básicas"]	1	["Introducción a las bases de la medicina estética", "Técnicas y procedimientos más utilizados", "Seguridad e higiene en tratamientos estéticos", "Actualizaciones y tendencias en el sector"]	\N
course-004-a	Nutrición Deportiva	https://res.cloudinary.com/dwcrzwawj/image/upload/v1733491380/courses/course-banner-image/atbk8y2sqires7b3cwuj.jpg	Aprende a planificar dietas específicas para deportistas.	Intermediate	4.5	18	4.4	instructor-joaquin-004	150	30	15	MEDICO	2025-01-20 10:00:00	2025-01-20 10:00:00	cat-004	f	https://res.cloudinary.com/dwcrzwawj/image/upload/v1733414008/courses/course-main-image/owottark15vkcnp3po2h.png	["Enfoque en alimentación deportiva"]	["Interés en nutrición", "No se requieren conocimientos previos"]	20	["Planificación alimentaria", "Suplementación deportiva", "Seguimiento de deportistas"]	https://www.youtube.com/embed/nutricion-deportiva
course-004-b	Fundamentos de Alimentación Saludable	https://res.cloudinary.com/dwcrzwawj/image/upload/v1733491373/courses/course-banner-image/v1uuyabbayh3axvyomaf.jpg	Aprende a planificar comidas saludables.	Beginner	4.1	10	4.2	instructor-joaquin-004	110	20	8	MEDICO	2025-01-20 10:00:00	2025-01-20 10:00:00	cat-004	f	https://res.cloudinary.com/dwcrzwawj/image/upload/v1733414008/courses/course-main-image/owottark15vkcnp3po2h.png	["Conceptos básicos de nutrición saludable"]	["Interés en alimentación sana", "No se requieren conocimientos previos"]	15	["Planificación de menús", "Control de porciones", "Opciones vegetarianas"]	https://www.youtube.com/embed/fundamentos-alimentacion
course-005-a	Cosmetología Clínica	https://res.cloudinary.com/dwcrzwawj/image/upload/v1732292386/imagen2png_ccokbg.png	Curso avanzado sobre cosmetología clínica.	Advanced	4.9	25	4.8	instructor-carlos-005	210	45	20	COSMETOLOGO	2025-01-20 10:00:00	2025-01-20 10:00:00	cat-005	f	https://res.cloudinary.com/dwcrzwawj/image/upload/v1733414008/courses/course-main-image/owottark15vkcnp3po2h.png	["Curso avanzado para profesionales en el área estética"]	["Interés en cosmetología", "Disposición para prácticas en cabina"]	30	["Anatomía de la piel", "Procedimientos clínicos", "Equipo y protocolos"]	https://www.youtube.com/embed/cosmetologia-clinica
course-005-b	Cosmiatría Avanzada	https://res.cloudinary.com/dwcrzwawj/image/upload/v1733491380/courses/course-banner-image/atbk8y2sqires7b3cwuj.jpg	Curso avanzado para profesionales en el área de la cosmiatría.	Advanced	4.8	20	4.9	instructor-carlos-005	200	30	15	MEDICO	2025-01-20 10:00:00	2025-01-20 10:00:00	cat-005	f	https://res.cloudinary.com/dwcrzwawj/image/upload/v1733414008/courses/course-main-image/owottark15vkcnp3po2h.png	["Formación integral en técnicas cosmiátricas"]	["Experiencia previa en estética", "Interés en cosmetología avanzada"]	25	["Peeling químicos", "Tratamientos faciales", "Aparatología avanzada"]	https://www.youtube.com/embed/cosmiatria-avanzada
course-006-a	Introducción a la Dermatología	https://res.cloudinary.com/dwcrzwawj/image/upload/v1733491386/courses/course-banner-image/uiwjud5rkxo2pjjjpytc.jpg	Curso básico para aprender los fundamentos de la dermatología.	Beginner	4.5	10	4.5	instructor-nahuel-006	100	25	10	MEDICO	2025-01-20 10:00:00	2025-01-20 10:00:00	cat-006	t	https://res.cloudinary.com/dwcrzwawj/image/upload/v1733413763/courses/course-main-image/wmulto4u7mfv7qcmtrna.png	["Aprende fundamentos y técnicas iniciales"]	["Ningún requisito previo", "Interés en dermatología"]	20	["Anatomía de la piel", "Procedimientos básicos", "Evaluación de lesiones"]	https://www.youtube.com/embed/intro-dermatologia
course-006-b	Enfermedades de la Piel	https://res.cloudinary.com/dwcrzwawj/image/upload/v1733491374/courses/course-banner-image/jfbh5zqev7qyruz06jut.jpg	Identificación y tratamiento de enfermedades comunes de la piel.	Intermediate	4.6	20	4.5	instructor-nahuel-006	200	50	15	MEDICO	2025-01-20 10:00:00	2025-01-20 10:00:00	cat-006	f	https://res.cloudinary.com/dwcrzwawj/image/upload/v1733414008/courses/course-main-image/owottark15vkcnp3po2h.png	["Curso intermedio sobre patologías dermatológicas"]	["Conocimientos básicos de dermatología", "Acceso a material de estudio"]	30	["Clasificación de patologías", "Tratamientos clínicos", "Seguimiento del paciente"]	https://www.youtube.com/embed/enfermedades-piel
b1e2130f-2cdc-4acb-ad41-e9f5503a545f	Planificación de Dietas Personalizadas	https://res.cloudinary.com/dwcrzwawj/image/upload/v1732292386/imagen2png_ccokbg.png	Aprende a diseñar dietas personalizadas para pacientes.	Advanced	4.9	30	4.8	instructor-005	220	20	55	MEDICO	2024-12-06 15:30:10.708	2024-12-06 15:30:10.708	f4f64263-69e8-469d-8127-b52133d27abf	f	https://res.cloudinary.com/dwcrzwawj/image/upload/v1733413762/courses/course-main-image/eugpchsvqmezyffshlot.png	\N	["Interés en aprender sobre medicina estética", "No se requieren conocimientos previos", "Acceso a una computadora o dispositivo móvil", "Disposición para realizar prácticas básicas"]	1	["Introducción a las bases de la medicina estética", "Técnicas y procedimientos más utilizados", "Seguridad e higiene en tratamientos estéticos", "Actualizaciones y tendencias en el sector"]	\N
47ac3049-3d8d-463c-9cf5-f1b4cc9efbdd	Fundamentos de Alimentación Saludable	https://res.cloudinary.com/dwcrzwawj/image/upload/v1733491373/courses/course-banner-image/v1uuyabbayh3axvyomaf.jpg	Aprende a planificar comidas saludables.	Beginner	4.1	10	4.2	instructor-004	110	8	20	MEDICO	2024-12-06 15:30:10.708	2024-12-06 15:30:10.708	f4f64263-69e8-469d-8127-b52133d27abf	f	https://res.cloudinary.com/dwcrzwawj/image/upload/v1733414008/courses/course-main-image/owottark15vkcnp3po2h.png	\N	["Interés en aprender sobre medicina estética", "No se requieren conocimientos previos", "Acceso a una computadora o dispositivo móvil", "Disposición para realizar prácticas básicas"]	1	["Introducción a las bases de la medicina estética", "Técnicas y procedimientos más utilizados", "Seguridad e higiene en tratamientos estéticos", "Actualizaciones y tendencias en el sector"]	\N
1bf3bd76-588e-4edb-8cbf-97da05eeffee	Introducción a la Medicina Alternativa	https://res.cloudinary.com/dwcrzwawj/image/upload/v1733491386/courses/course-banner-image/uiwjud5rkxo2pjjjpytc.jpg	Curso básico sobre principios de la medicina alternativa.	Beginner	4.3	15	4.4	instructor-001	130	10	25	MEDICO	2024-12-06 15:42:07.512	2024-12-06 15:42:07.512	48ee7535-5b78-4011-93ee-4f37e7591f81	t	https://res.cloudinary.com/dwcrzwawj/image/upload/v1733414008/courses/course-main-image/owottark15vkcnp3po2h.png	\N	["Interés en aprender sobre medicina estética", "No se requieren conocimientos previos", "Acceso a una computadora o dispositivo móvil", "Disposición para realizar prácticas básicas"]	1	["Introducción a las bases de la medicina estética", "Técnicas y procedimientos más utilizados", "Seguridad e higiene en tratamientos estéticos", "Actualizaciones y tendencias en el sector"]	\N
8986850d-d93e-4f71-adcf-20029f6c9a0f	Dermatología para Adultos Mayores	https://res.cloudinary.com/dwcrzwawj/image/upload/v1733491374/courses/course-banner-image/jfbh5zqev7qyruz06jut.jpg	Cuidado especializado para la piel de adultos mayores.	Advanced	4.7	22	4.6	instructor-004	220	18	55	MEDICO	2024-12-06 15:15:34.683	2024-12-06 15:15:34.683	5592e743-58af-4792-b25d-ba4b4b7d8a26	t	https://res.cloudinary.com/dwcrzwawj/image/upload/v1733414007/courses/course-main-image/qqhwsaebibwb0frsk1go.jpg	\N	["Interés en aprender sobre medicina estética", "No se requieren conocimientos previos", "Acceso a una computadora o dispositivo móvil", "Disposición para realizar prácticas básicas"]	1	["Introducción a las bases de la medicina estética", "Técnicas y procedimientos más utilizados", "Seguridad e higiene en tratamientos estéticos", "Actualizaciones y tendencias en el sector"]	\N
7cd3cf25-c117-49fb-8dfa-91664fcec914	Introducción a la Medicina Estética	https://res.cloudinary.com/dwcrzwawj/image/upload/v1733491386/courses/course-banner-image/uiwjud5rkxo2pjjjpytc.jpg	Aprende los fundamentos básicos de la medicina estética.	Beginner	4.2	15	4.3	instructor-001	150	10	40	MEDICO	2024-12-06 15:18:35.411	2024-12-06 15:18:35.411	5592e743-58af-4792-b25d-ba4b4b7d8a26	t	https://res.cloudinary.com/dwcrzwawj/image/upload/v1733414007/courses/course-main-image/qqhwsaebibwb0frsk1go.jpg	\N	["Interés en aprender sobre medicina estética", "No se requieren conocimientos previos", "Acceso a una computadora o dispositivo móvil", "Disposición para realizar prácticas básicas"]	1	["Introducción a las bases de la medicina estética", "Técnicas y procedimientos más utilizados", "Seguridad e higiene en tratamientos estéticos", "Actualizaciones y tendencias en el sector"]	\N
ae79cbda-f102-4977-ada8-af48e2232a6d	Acupuntura y Terapias Orientales	https://res.cloudinary.com/dwcrzwawj/image/upload/v1733491374/courses/course-banner-image/jfbh5zqev7qyruz06jut.jpg	Conoce la acupuntura y otras técnicas orientales de medicina alternativa.	Advanced	4.8	25	4.9	instructor-003	200	20	50	MEDICO	2024-12-06 15:42:07.512	2024-12-06 15:42:07.512	48ee7535-5b78-4011-93ee-4f37e7591f81	t	https://res.cloudinary.com/dwcrzwawj/image/upload/v1733413762/courses/course-main-image/eugpchsvqmezyffshlot.png	\N	["Interés en aprender sobre medicina estética", "No se requieren conocimientos previos", "Acceso a una computadora o dispositivo móvil", "Disposición para realizar prácticas básicas"]	1	["Introducción a las bases de la medicina estética", "Técnicas y procedimientos más utilizados", "Seguridad e higiene en tratamientos estéticos", "Actualizaciones y tendencias en el sector"]	\N
ef83af9f-a636-4b9c-b328-48515d42cfd1	Micro y Macronutrientes	https://res.cloudinary.com/dwcrzwawj/image/upload/v1732292386/imagen2png_ccokbg.png	Conoce el papel de los micro y macronutrientes en la salud.	Intermediate	4.5	15	4.4	instructor-003	140	12	28	MEDICO	2024-12-06 15:30:10.708	2024-12-06 15:30:10.708	f4f64263-69e8-469d-8127-b52133d27abf	f	https://res.cloudinary.com/dwcrzwawj/image/upload/v1733413762/courses/course-main-image/gwjt3q1qmxi5qcv4vz3k.png	\N	["Interés en aprender sobre medicina estética", "No se requieren conocimientos previos", "Acceso a una computadora o dispositivo móvil", "Disposición para realizar prácticas básicas"]	1	["Introducción a las bases de la medicina estética", "Técnicas y procedimientos más utilizados", "Seguridad e higiene en tratamientos estéticos", "Actualizaciones y tendencias en el sector"]	\N
cdf48305-cae0-4adc-91ac-15729818f91c	Nutrición Preventiva	https://res.cloudinary.com/dwcrzwawj/image/upload/v1733491374/courses/course-banner-image/jfbh5zqev7qyruz06jut.jpg	Descubre cómo prevenir enfermedades a través de la nutrición.	Advanced	4.7	22	4.6	instructor-004	200	20	50	MEDICO	2024-12-06 15:30:10.708	2024-12-06 15:30:10.708	f4f64263-69e8-469d-8127-b52133d27abf	t	https://res.cloudinary.com/dwcrzwawj/image/upload/v1733413762/courses/course-main-image/gwjt3q1qmxi5qcv4vz3k.png	\N	["Interés en aprender sobre medicina estética", "No se requieren conocimientos previos", "Acceso a una computadora o dispositivo móvil", "Disposición para realizar prácticas básicas"]	1	["Introducción a las bases de la medicina estética", "Técnicas y procedimientos más utilizados", "Seguridad e higiene en tratamientos estéticos", "Actualizaciones y tendencias en el sector"]	\N
5a3f91cc-55b7-4e4f-810e-9f5b3cfa92a4	Medicina estética: Técnicas modernas	https://res.cloudinary.com/dwcrzwawj/image/upload/v1733491373/courses/course-banner-image/xjzl5denkoy37ldxdkgp.jpg	Curso avanzado en técnicas estéticas modernas.	Advanced	4.9	25	5	instructor-005	250	20	40	MEDICO	2024-12-06 15:01:15.61	2024-12-06 15:01:15.61	5592e743-58af-4792-b25d-ba4b4b7d8a26	t	https://res.cloudinary.com/dwcrzwawj/image/upload/v1733414008/courses/course-main-image/owottark15vkcnp3po2h.png	\N	["Interés en aprender sobre medicina estética", "No se requieren conocimientos previos", "Acceso a una computadora o dispositivo móvil", "Disposición para realizar prácticas básicas"]	1	["Introducción a las bases de la medicina estética", "Técnicas y procedimientos más utilizados", "Seguridad e higiene en tratamientos estéticos", "Actualizaciones y tendencias en el sector"]	\N
cd658227-81d6-4d0a-9f03-93362567c330	Tratamientos Cosmiátricos Postoperatorios	https://res.cloudinary.com/dwcrzwawj/image/upload/v1733491373/courses/course-banner-image/xjzl5denkoy37ldxdkgp.jpg	Especialízate en tratamientos postoperatorios en cosmiatría.	Intermediate	4.6	18	4.7	instructor-001	170	15	30	MEDICO	2024-12-06 15:21:31.811	2024-12-06 15:21:31.811	6bbb7bc3-2e67-44fa-8cd4-54273ec2f426	f	https://res.cloudinary.com/dwcrzwawj/image/upload/v1733413762/courses/course-main-image/gwjt3q1qmxi5qcv4vz3k.png	\N	["Interés en aprender sobre medicina estética", "No se requieren conocimientos previos", "Acceso a una computadora o dispositivo móvil", "Disposición para realizar prácticas básicas"]	1	["Introducción a las bases de la medicina estética", "Técnicas y procedimientos más utilizados", "Seguridad e higiene en tratamientos estéticos", "Actualizaciones y tendencias en el sector"]	\N
de69d163-d144-4d74-8f3d-994c2522b01c	Terapias Holísticas	https://res.cloudinary.com/dwcrzwawj/image/upload/v1733491373/courses/course-banner-image/xjzl5denkoy37ldxdkgp.jpg	Estudia las terapias holísticas para un enfoque integral de salud.	Advanced	4.9	30	4.8	instructor-001	220	18	45	MEDICO	2024-12-06 15:42:07.512	2024-12-06 15:42:07.512	48ee7535-5b78-4011-93ee-4f37e7591f81	f	https://res.cloudinary.com/dwcrzwawj/image/upload/v1733413762/courses/course-main-image/gwjt3q1qmxi5qcv4vz3k.png	\N	["Interés en aprender sobre medicina estética", "No se requieren conocimientos previos", "Acceso a una computadora o dispositivo móvil", "Disposición para realizar prácticas básicas"]	1	["Introducción a las bases de la medicina estética", "Técnicas y procedimientos más utilizados", "Seguridad e higiene en tratamientos estéticos", "Actualizaciones y tendencias en el sector"]	\N
6a0689bb-4b82-4f2c-b5bb-f09d462e5990	Bienestar Integral a Través de la Alimentación	https://res.cloudinary.com/dwcrzwawj/image/upload/v1733491373/courses/course-banner-image/v1uuyabbayh3axvyomaf.jpg	Aprende cómo la alimentación impacta en tu bienestar físico y emocional.	Intermediate	4.6	22	4.7	instructor-004	180	15	40	MEDICO	2024-12-06 15:45:30.619	2024-12-06 15:45:30.619	b79073b0-4f23-40c9-acc3-08a276546059	f	https://res.cloudinary.com/dwcrzwawj/image/upload/v1733414007/courses/course-main-image/qqhwsaebibwb0frsk1go.jpg	\N	["Interés en aprender sobre medicina estética", "No se requieren conocimientos previos", "Acceso a una computadora o dispositivo móvil", "Disposición para realizar prácticas básicas"]	1	["Introducción a las bases de la medicina estética", "Técnicas y procedimientos más utilizados", "Seguridad e higiene en tratamientos estéticos", "Actualizaciones y tendencias en el sector"]	\N
ab79cab9-f9db-4664-86a8-848cb95ac94d	Planeación Estratégica para Negocios	https://res.cloudinary.com/dwcrzwawj/image/upload/v1733491374/courses/course-banner-image/jfbh5zqev7qyruz06jut.jpg	Domina los conceptos clave de la planeación estratégica.	Advanced	4.7	22	4.8	instructor-003	200	20	50	MEDICO	2024-12-06 15:26:45.887	2024-12-06 15:26:45.887	ca3783bf-6f6d-44b3-8748-b58f3ae335e8	t	https://res.cloudinary.com/dwcrzwawj/image/upload/v1733413762/courses/course-main-image/eugpchsvqmezyffshlot.png	\N	["Interés en aprender sobre medicina estética", "No se requieren conocimientos previos", "Acceso a una computadora o dispositivo móvil", "Disposición para realizar prácticas básicas"]	1	["Introducción a las bases de la medicina estética", "Técnicas y procedimientos más utilizados", "Seguridad e higiene en tratamientos estéticos", "Actualizaciones y tendencias en el sector"]	\N
fa5f2250-bda5-4cb7-9c5b-dc8b42abb0ce	Finanzas Básicas para Emprendedores	https://res.cloudinary.com/dwcrzwawj/image/upload/v1733491373/courses/course-banner-image/v1uuyabbayh3axvyomaf.jpg	Aprende a gestionar las finanzas de tu negocio.	Beginner	4.1	10	4.2	instructor-004	100	8	20	MEDICO	2024-12-06 15:26:45.887	2024-12-06 15:26:45.887	ca3783bf-6f6d-44b3-8748-b58f3ae335e8	f	https://res.cloudinary.com/dwcrzwawj/image/upload/v1733413761/courses/course-main-image/w2gfb4kut2rvy7fgu5a5.jpg	\N	["Interés en aprender sobre medicina estética", "No se requieren conocimientos previos", "Acceso a una computadora o dispositivo móvil", "Disposición para realizar prácticas básicas"]	1	["Introducción a las bases de la medicina estética", "Técnicas y procedimientos más utilizados", "Seguridad e higiene en tratamientos estéticos", "Actualizaciones y tendencias en el sector"]	\N
60c679da-6cd9-4ba2-899f-8df55f84bafa	Introducción a la Química Cosmética	https://res.cloudinary.com/dwcrzwawj/image/upload/v1733491386/courses/course-banner-image/uiwjud5rkxo2pjjjpytc.jpg	Curso básico sobre los fundamentos de la química cosmética.	Beginner	4.3	12	4.2	instructor-001	130	10	25	MEDICO	2024-12-06 15:43:26.795	2024-12-06 15:43:26.795	ad922bc3-7e02-4a2a-8f50-17581584bbe1	t	https://res.cloudinary.com/dwcrzwawj/image/upload/v1733414008/courses/course-main-image/owottark15vkcnp3po2h.png	\N	["Interés en aprender sobre medicina estética", "No se requieren conocimientos previos", "Acceso a una computadora o dispositivo móvil", "Disposición para realizar prácticas básicas"]	1	["Introducción a las bases de la medicina estética", "Técnicas y procedimientos más utilizados", "Seguridad e higiene en tratamientos estéticos", "Actualizaciones y tendencias en el sector"]	\N
636d5b9a-928c-4d5f-ad00-b92563cc929f	Terapias Naturales para el Bienestar	https://res.cloudinary.com/dwcrzwawj/image/upload/v1733491374/courses/course-banner-image/jfbh5zqev7qyruz06jut.jpg	Conoce las terapias naturales para mejorar tu bienestar físico y mental.	Advanced	4.7	20	4.8	instructor-003	200	18	45	MEDICO	2024-12-06 15:45:30.619	2024-12-06 15:45:30.619	b79073b0-4f23-40c9-acc3-08a276546059	t	https://res.cloudinary.com/dwcrzwawj/image/upload/v1733414008/courses/course-main-image/owottark15vkcnp3po2h.png	\N	["Interés en aprender sobre medicina estética", "No se requieren conocimientos previos", "Acceso a una computadora o dispositivo móvil", "Disposición para realizar prácticas básicas"]	1	["Introducción a las bases de la medicina estética", "Técnicas y procedimientos más utilizados", "Seguridad e higiene en tratamientos estéticos", "Actualizaciones y tendencias en el sector"]	\N
a18429a9-23f9-45b3-b116-85bebac790a4	Técnicas de Relajación Profunda	https://res.cloudinary.com/dwcrzwawj/image/upload/v1732292386/imagen2png_ccokbg.png	Domina técnicas de relajación profunda para reducir el estrés.	Advanced	4.7	22	4.8	instructor-004	190	18	40	MEDICO	2024-12-06 15:45:30.619	2024-12-06 15:45:30.619	b79073b0-4f23-40c9-acc3-08a276546059	t	https://res.cloudinary.com/dwcrzwawj/image/upload/v1733413763/courses/course-main-image/wmulto4u7mfv7qcmtrna.png	\N	["Interés en aprender sobre medicina estética", "No se requieren conocimientos previos", "Acceso a una computadora o dispositivo móvil", "Disposición para realizar prácticas básicas"]	1	["Introducción a las bases de la medicina estética", "Técnicas y procedimientos más utilizados", "Seguridad e higiene en tratamientos estéticos", "Actualizaciones y tendencias en el sector"]	\N
c26dc4d1-f6b2-4a91-ac3d-08843b5fd0cc	Cosméticos de Cuidado Corporal	https://res.cloudinary.com/dwcrzwawj/image/upload/v1732292386/imagen2png_ccokbg.png	Formulación de productos cosméticos para el cuidado corporal.	Intermediate	4.4	18	4.5	instructor-005	180	15	40	MEDICO	2024-12-06 15:43:26.795	2024-12-06 15:43:26.795	ad922bc3-7e02-4a2a-8f50-17581584bbe1	f	https://res.cloudinary.com/dwcrzwawj/image/upload/v1733413762/courses/course-main-image/eugpchsvqmezyffshlot.png	\N	["Interés en aprender sobre medicina estética", "No se requieren conocimientos previos", "Acceso a una computadora o dispositivo móvil", "Disposición para realizar prácticas básicas"]	1	["Introducción a las bases de la medicina estética", "Técnicas y procedimientos más utilizados", "Seguridad e higiene en tratamientos estéticos", "Actualizaciones y tendencias en el sector"]	\N
b58353e2-2973-45b2-b638-0640974665f3	Introducción al Bienestar y Conciencia	https://res.cloudinary.com/dwcrzwawj/image/upload/v1733491386/courses/course-banner-image/uiwjud5rkxo2pjjjpytc.jpg	Aprende los principios básicos del bienestar y la conciencia.	Beginner	4.3	15	4.2	instructor-001	120	10	25	MEDICO	2024-12-06 15:45:30.619	2024-12-06 15:45:30.619	b79073b0-4f23-40c9-acc3-08a276546059	t	https://res.cloudinary.com/dwcrzwawj/image/upload/v1733413762/courses/course-main-image/eugpchsvqmezyffshlot.png	\N	["Interés en aprender sobre medicina estética", "No se requieren conocimientos previos", "Acceso a una computadora o dispositivo móvil", "Disposición para realizar prácticas básicas"]	1	["Introducción a las bases de la medicina estética", "Técnicas y procedimientos más utilizados", "Seguridad e higiene en tratamientos estéticos", "Actualizaciones y tendencias en el sector"]	\N
3c2e8e5b-3c1f-45d9-bde3-019c88be236c	Terapia física para rehabilitación	https://res.cloudinary.com/dwcrzwawj/image/upload/v1733491374/courses/course-banner-image/jfbh5zqev7qyruz06jut.jpg	Curso para aprender técnicas avanzadas de terapia física.	Intermediate	4.6	12	4.6	instructor-003	150	10	20	MEDICO	2024-12-06 15:01:15.61	2024-12-06 15:01:15.61	d81852f0-2a5d-4910-84b6-208f287c4bf2	t	https://res.cloudinary.com/dwcrzwawj/image/upload/v1733413763/courses/course-main-image/wmulto4u7mfv7qcmtrna.png	\N	["Interés en aprender sobre medicina estética", "No se requieren conocimientos previos", "Acceso a una computadora o dispositivo móvil", "Disposición para realizar prácticas básicas"]	1	["Introducción a las bases de la medicina estética", "Técnicas y procedimientos más utilizados", "Seguridad e higiene en tratamientos estéticos", "Actualizaciones y tendencias en el sector"]	\N
663a01bb-28aa-4956-886f-bb7d6f5190df	Elaboración de Crema Antienvejecimiento	https://res.cloudinary.com/dwcrzwawj/image/upload/v1733491374/courses/course-banner-image/jfbh5zqev7qyruz06jut.jpg	Formulación de cremas antienvejecimiento utilizando principios activos.	Intermediate	4.3	12	4.4	instructor-003	150	10	32	MEDICO	2024-12-06 15:43:26.795	2024-12-06 15:43:26.795	ad922bc3-7e02-4a2a-8f50-17581584bbe1	f	https://res.cloudinary.com/dwcrzwawj/image/upload/v1733414007/courses/course-main-image/qqhwsaebibwb0frsk1go.jpg	\N	["Interés en aprender sobre medicina estética", "No se requieren conocimientos previos", "Acceso a una computadora o dispositivo móvil", "Disposición para realizar prácticas básicas"]	1	["Introducción a las bases de la medicina estética", "Técnicas y procedimientos más utilizados", "Seguridad e higiene en tratamientos estéticos", "Actualizaciones y tendencias en el sector"]	\N
7e27a063-ba15-426e-a352-5a799387b1e9	Cosméticos para Pieles Sensibles	https://res.cloudinary.com/dwcrzwawj/image/upload/v1732292386/imagen2png_ccokbg.png	Desarrolla cosméticos para pieles sensibles o alérgicas.	Beginner	4.1	10	4.2	instructor-004	120	8	25	MEDICO	2024-12-06 15:43:26.795	2024-12-06 15:43:26.795	ad922bc3-7e02-4a2a-8f50-17581584bbe1	t	https://res.cloudinary.com/dwcrzwawj/image/upload/v1733414007/courses/course-main-image/qqhwsaebibwb0frsk1go.jpg	\N	["Interés en aprender sobre medicina estética", "No se requieren conocimientos previos", "Acceso a una computadora o dispositivo móvil", "Disposición para realizar prácticas básicas"]	1	["Introducción a las bases de la medicina estética", "Técnicas y procedimientos más utilizados", "Seguridad e higiene en tratamientos estéticos", "Actualizaciones y tendencias en el sector"]	\N
76ab5476-4397-48e3-8eab-b80f9a600ea0	Mindfulness para la Paz Interior	https://res.cloudinary.com/dwcrzwawj/image/upload/v1733491380/courses/course-banner-image/atbk8y2sqires7b3cwuj.jpg	Domina técnicas de mindfulness para alcanzar la paz interior.	Intermediate	4.5	18	4.6	instructor-002	150	12	30	MEDICO	2024-12-06 15:45:30.619	2024-12-06 15:45:30.619	b79073b0-4f23-40c9-acc3-08a276546059	f	https://res.cloudinary.com/dwcrzwawj/image/upload/v1733414007/courses/course-main-image/qqhwsaebibwb0frsk1go.jpg	\N	["Interés en aprender sobre medicina estética", "No se requieren conocimientos previos", "Acceso a una computadora o dispositivo móvil", "Disposición para realizar prácticas básicas"]	1	["Introducción a las bases de la medicina estética", "Técnicas y procedimientos más utilizados", "Seguridad e higiene en tratamientos estéticos", "Actualizaciones y tendencias en el sector"]	\N
de5347c4-41b1-49cf-b947-c46535a56af7	Cosméticos Orgánicos	https://res.cloudinary.com/dwcrzwawj/image/upload/v1733491373/courses/course-banner-image/v1uuyabbayh3axvyomaf.jpg	Curso para aprender a desarrollar cosméticos 100% orgánicos.	Intermediate	4.6	18	4.5	instructor-004	180	15	40	MEDICO	2024-12-06 15:43:26.795	2024-12-06 15:43:26.795	ad922bc3-7e02-4a2a-8f50-17581584bbe1	f	https://res.cloudinary.com/dwcrzwawj/image/upload/v1733413762/courses/course-main-image/gwjt3q1qmxi5qcv4vz3k.png	\N	["Interés en aprender sobre medicina estética", "No se requieren conocimientos previos", "Acceso a una computadora o dispositivo móvil", "Disposición para realizar prácticas básicas"]	1	["Introducción a las bases de la medicina estética", "Técnicas y procedimientos más utilizados", "Seguridad e higiene en tratamientos estéticos", "Actualizaciones y tendencias en el sector"]	\N
de9f081e-3aa4-49dc-a671-c8595c673bdd	Control de Calidad en Cosméticos	https://res.cloudinary.com/dwcrzwawj/image/upload/v1733491373/courses/course-banner-image/xjzl5denkoy37ldxdkgp.jpg	Asegura la calidad y seguridad de los productos cosméticos que desarrollas.	Intermediate	4.4	15	4.5	instructor-001	160	12	35	MEDICO	2024-12-06 15:43:26.795	2024-12-06 15:43:26.795	ad922bc3-7e02-4a2a-8f50-17581584bbe1	f	https://res.cloudinary.com/dwcrzwawj/image/upload/v1733413762/courses/course-main-image/gwjt3q1qmxi5qcv4vz3k.png	\N	["Interés en aprender sobre medicina estética", "No se requieren conocimientos previos", "Acceso a una computadora o dispositivo móvil", "Disposición para realizar prácticas básicas"]	1	["Introducción a las bases de la medicina estética", "Técnicas y procedimientos más utilizados", "Seguridad e higiene en tratamientos estéticos", "Actualizaciones y tendencias en el sector"]	\N
f26506f8-bdd8-4f69-a1d5-e66f3e80e4b5	Desarrollo Personal y Espiritual	https://res.cloudinary.com/dwcrzwawj/image/upload/v1733491374/courses/course-banner-image/jfbh5zqev7qyruz06jut.jpg	Curso para desarrollar tu potencial personal y espiritual.	Intermediate	4.3	18	4.4	instructor-003	170	15	35	MEDICO	2024-12-06 15:45:30.619	2024-12-06 15:45:30.619	b79073b0-4f23-40c9-acc3-08a276546059	f	https://res.cloudinary.com/dwcrzwawj/image/upload/v1733413762/courses/course-main-image/gwjt3q1qmxi5qcv4vz3k.png	\N	["Interés en aprender sobre medicina estética", "No se requieren conocimientos previos", "Acceso a una computadora o dispositivo móvil", "Disposición para realizar prácticas básicas"]	1	["Introducción a las bases de la medicina estética", "Técnicas y procedimientos más utilizados", "Seguridad e higiene en tratamientos estéticos", "Actualizaciones y tendencias en el sector"]	\N
8008771d-bb0d-4cda-8ad1-75c9f85c3e38	Dermatología Preventiva	https://res.cloudinary.com/dwcrzwawj/image/upload/v1732292386/imagen2png_ccokbg.png	Prevención de enfermedades de la piel mediante dermatología.	Beginner	4.3	14	4.4	instructor-003	140	8	30	MEDICO	2024-12-06 15:15:34.683	2024-12-06 15:15:34.683	5592e743-58af-4792-b25d-ba4b4b7d8a26	f	https://res.cloudinary.com/dwcrzwawj/image/upload/v1733414007/courses/course-main-image/qqhwsaebibwb0frsk1go.jpg	\N	["Interés en aprender sobre medicina estética", "No se requieren conocimientos previos", "Acceso a una computadora o dispositivo móvil", "Disposición para realizar prácticas básicas"]	1	["Introducción a las bases de la medicina estética", "Técnicas y procedimientos más utilizados", "Seguridad e higiene en tratamientos estéticos", "Actualizaciones y tendencias en el sector"]	\N
9bb1127a-ae54-4676-92b8-31d0dc143bda	Técnicas de Dermatología Estética	https://res.cloudinary.com/dwcrzwawj/image/upload/v1733491380/courses/course-banner-image/atbk8y2sqires7b3cwuj.jpg	Aprende técnicas estéticas para el cuidado de la piel.	Intermediate	4.4	20	4.5	instructor-002	160	15	40	MEDICO	2024-12-06 15:15:34.683	2024-12-06 15:15:34.683	5592e743-58af-4792-b25d-ba4b4b7d8a26	t	https://res.cloudinary.com/dwcrzwawj/image/upload/v1733413763/courses/course-main-image/wmulto4u7mfv7qcmtrna.png	\N	["Interés en aprender sobre medicina estética", "No se requieren conocimientos previos", "Acceso a una computadora o dispositivo móvil", "Disposición para realizar prácticas básicas"]	1	["Introducción a las bases de la medicina estética", "Técnicas y procedimientos más utilizados", "Seguridad e higiene en tratamientos estéticos", "Actualizaciones y tendencias en el sector"]	\N
ee4b9653-c7b5-4357-a6d8-b562664612d0	Medicina Natural en el Cuidado de la Piel	https://res.cloudinary.com/dwcrzwawj/image/upload/v1732292386/imagen2png_ccokbg.png	Enfoque natural para el tratamiento y cuidado de la piel.	Intermediate	4.6	18	4.7	instructor-005	180	15	45	MEDICO	2024-12-06 15:42:07.512	2024-12-06 15:42:07.512	48ee7535-5b78-4011-93ee-4f37e7591f81	f	https://res.cloudinary.com/dwcrzwawj/image/upload/v1733413762/courses/course-main-image/gwjt3q1qmxi5qcv4vz3k.png	\N	["Interés en aprender sobre medicina estética", "No se requieren conocimientos previos", "Acceso a una computadora o dispositivo móvil", "Disposición para realizar prácticas básicas"]	1	["Introducción a las bases de la medicina estética", "Técnicas y procedimientos más utilizados", "Seguridad e higiene en tratamientos estéticos", "Actualizaciones y tendencias en el sector"]	\N
52f77928-bd04-4526-8996-ae62e9bd7720	Yoga para el Cuerpo y la Mente	https://res.cloudinary.com/dwcrzwawj/image/upload/v1733491373/courses/course-banner-image/xjzl5denkoy37ldxdkgp.jpg	Domina las posturas y técnicas de yoga para lograr bienestar integral.	Intermediate	4.5	20	4.6	instructor-001	200	15	45	MEDICO	2024-12-06 15:45:30.619	2024-12-06 15:45:30.619	b79073b0-4f23-40c9-acc3-08a276546059	f	https://res.cloudinary.com/dwcrzwawj/image/upload/v1733413763/courses/course-main-image/wmulto4u7mfv7qcmtrna.png	\N	["Interés en aprender sobre medicina estética", "No se requieren conocimientos previos", "Acceso a una computadora o dispositivo móvil", "Disposición para realizar prácticas básicas"]	1	["Introducción a las bases de la medicina estética", "Técnicas y procedimientos más utilizados", "Seguridad e higiene en tratamientos estéticos", "Actualizaciones y tendencias en el sector"]	\N
a4b5adae-78d6-4e2d-9f33-ef66ed7a0044	Formulación de Cosméticos Caseros	https://res.cloudinary.com/dwcrzwawj/image/upload/v1733491380/courses/course-banner-image/atbk8y2sqires7b3cwuj.jpg	Aprende a formular cosméticos caseros con ingredientes naturales.	Intermediate	4.5	15	4.4	instructor-002	150	12	30	MEDICO	2024-12-06 15:43:26.795	2024-12-06 15:43:26.795	ad922bc3-7e02-4a2a-8f50-17581584bbe1	f	https://res.cloudinary.com/dwcrzwawj/image/upload/v1733413763/courses/course-main-image/wmulto4u7mfv7qcmtrna.png	\N	["Interés en aprender sobre medicina estética", "No se requieren conocimientos previos", "Acceso a una computadora o dispositivo móvil", "Disposición para realizar prácticas básicas"]	1	["Introducción a las bases de la medicina estética", "Técnicas y procedimientos más utilizados", "Seguridad e higiene en tratamientos estéticos", "Actualizaciones y tendencias en el sector"]	\N
f53bc726-7ca0-4415-b638-38c91becdf07	Terapias de Desintoxicación	https://res.cloudinary.com/dwcrzwawj/image/upload/v1733491374/courses/course-banner-image/jfbh5zqev7qyruz06jut.jpg	Conoce las terapias de desintoxicación natural para el cuerpo.	Advanced	4.7	22	4.6	instructor-004	210	20	50	MEDICO	2024-12-06 15:42:07.512	2024-12-06 15:42:07.512	48ee7535-5b78-4011-93ee-4f37e7591f81	t	https://res.cloudinary.com/dwcrzwawj/image/upload/v1733413762/courses/course-main-image/gwjt3q1qmxi5qcv4vz3k.png	\N	["Interés en aprender sobre medicina estética", "No se requieren conocimientos previos", "Acceso a una computadora o dispositivo móvil", "Disposición para realizar prácticas básicas"]	1	["Introducción a las bases de la medicina estética", "Técnicas y procedimientos más utilizados", "Seguridad e higiene en tratamientos estéticos", "Actualizaciones y tendencias en el sector"]	\N
\.


--
-- Data for Name: Module; Type: TABLE DATA; Schema: public; Owner: -
--

COPY public."Module" (id, "courseId", description, "createdAt", "updatedAt") FROM stdin;
c1a2b3d4-e5f6-7890-a1b2-c3d4e5f67890	9ab937f0-54c5-4cae-b544-25137c4fd1de	Introducción a la Dermatología	2024-12-27 14:37:09.348	2024-12-27 14:37:09.348
d2a3b4c5-e6f7-8901-b2c3-d4e5f67890a1	9ab937f0-54c5-4cae-b544-25137c4fd1de	Anatomía y Fisiología de la Piel	2024-12-27 14:37:09.348	2024-12-27 14:37:09.348
e3a4b5c6-f7e8-9012-c3d4-e5f67890a1b2	9ab937f0-54c5-4cae-b544-25137c4fd1de	Enfermedades Dermatológicas Comunes	2024-12-27 14:37:09.348	2024-12-27 14:37:09.348
\.


--
-- Data for Name: Class; Type: TABLE DATA; Schema: public; Owner: -
--

COPY public."Class" (id, "moduleId", description, "createdAt", "updatedAt", "videoUrl", "imageUrl", title) FROM stdin;
a1b2c3d4-e5f6-7890-a1b2-c3d4e5f67891	c1a2b3d4-e5f6-7890-a1b2-c3d4e5f67890	Esta clase explora en detalle la historia de la dermatología, sus orígenes y los hitos más relevantes que impulsaron el desarrollo de esta especialidad médica. Abarca los primeros descubrimientos y el papel fundamental de diversos especialistas que, a lo largo del tiempo, han contribuido al conocimiento de la piel y sus patologías.	2024-12-27 14:37:09.348	2025-03-30 01:31:28.502	https://res.cloudinary.com/dwcrzwawj/video/upload/v1732284861/samples/elephants.mp4	https://res.cloudinary.com/dwcrzwawj/image/upload/v1733414008/courses/course-main-image/owottark15vkcnp3po2h.png	Historia de la Dermatología
b2c3d4e5-f6e7-8901-b2c3-d4e5f67890a2	c1a2b3d4-e5f6-7890-a1b2-c3d4e5f67890	En esta clase se profundiza en la relevancia de la dermatología dentro del contexto general de la medicina. Se discuten sus múltiples interacciones con otras especialidades, los motivos por los cuales es esencial para el diagnóstico integral y la importancia de la prevención, el cuidado de la piel y la educación del paciente.	2024-12-27 14:37:09.348	2025-03-30 01:31:28.502	\N	https://res.cloudinary.com/dwcrzwawj/image/upload/v1733414007/courses/course-main-image/qqhwsaebibwb0frsk1go.jpg	Importancia de la Dermatología en la Medicina
c3d4e5f6-e7f8-9012-c3d4-e5f67890a3b4	d2a3b4c5-e6f7-8901-b2c3-d4e5f67890a1	Esta clase describe detalladamente la anatomía y la fisiología de la piel. Se revisan las distintas capas —epidermis, dermis e hipodermis—, su composición celular y las funciones que desempeñan en la protección del organismo, así como los mecanismos de renovación y regeneración cutánea.	2024-12-27 14:37:09.348	2025-03-30 01:31:28.502	\N	https://res.cloudinary.com/dwcrzwawj/image/upload/v1733414008/courses/course-main-image/owottark15vkcnp3po2h.png	Estructura de la Piel
d4e5f6e7-f8e9-0123-d4e5-f67890a3b4c5	d2a3b4c5-e6f7-8901-b2c3-d4e5f67890a1	En esta clase se abordan las diversas funciones que cumple la piel: protección contra agentes externos, termorregulación, sensación táctil y respuesta inmunológica. Además, se discute cómo cada función se ve afectada ante alteraciones dermatológicas y qué implicaciones tiene en la salud en general.	2024-12-27 14:37:09.348	2025-03-30 01:31:28.502	\N	https://res.cloudinary.com/dwcrzwawj/image/upload/v1733414007/courses/course-main-image/qqhwsaebibwb0frsk1go.jpg	Funciones de la Piel
e5f6e7f8-9012-3456-d4e5-f67890a4c5d6	e3a4b5c6-f7e8-9012-c3d4-e5f67890a1b2	La clase profundiza en las causas, síntomas y tratamientos de la dermatitis atópica, un trastorno inflamatorio crónico de la piel. Se revisa su base genética e inmunológica, la relación con factores ambientales, así como las recomendaciones para el manejo integral y la mejoría de la calidad de vida del paciente.	2024-12-27 14:37:09.348	2025-03-30 01:31:28.502	\N	https://res.cloudinary.com/dwcrzwawj/image/upload/v1733414008/courses/course-main-image/owottark15vkcnp3po2h.png	Dermatitis Atópica
f6e7f890-1234-5678-e5f6-7890a5c6d7e8	e3a4b5c6-f7e8-9012-c3d4-e5f67890a1b2	Esta clase se centra en la patogénesis y manifestaciones clínicas de la psoriasis, una enfermedad autoinmune que afecta principalmente la piel y puede tener repercusiones sistémicas. Se analizan sus diferentes presentaciones clínicas, los tratamientos actuales, y la importancia de una atención multidisciplinaria.	2024-12-27 14:37:09.348	2025-03-30 01:31:28.502	\N	https://res.cloudinary.com/dwcrzwawj/image/upload/v1733414007/courses/course-main-image/qqhwsaebibwb0frsk1go.jpg	Psoriasis
\.


--
-- Data for Name: ClassComment; Type: TABLE DATA; Schema: public; Owner: -
--

COPY public."ClassComment" (id, "userId", "classId", "parentCommentId", content, "createdAt", "updatedAt") FROM stdin;
cm8uqxdw60001m8c5c7jn91lj	cm4sths4i0008g1865nsbbh1l	a1b2c3d4-e5f6-7890-a1b2-c3d4e5f67891	\N	Hola, este es un comentario para la clase	2025-03-29 21:51:21.749	2025-03-29 21:51:21.749
cm8uqyqxe0003m8c5ox14p70d	cm4sths4i0008g1865nsbbh1l	a1b2c3d4-e5f6-7890-a1b2-c3d4e5f67891	cm8uqxdw60001m8c5c7jn91lj	Esta es mi respuesta a tu comentario	2025-03-29 21:52:25.299	2025-03-29 21:52:25.299
cm8uqyxxl0005m8c5dx8tcgls	cm4sths4i0008g1865nsbbh1l	a1b2c3d4-e5f6-7890-a1b2-c3d4e5f67891	cm8uqxdw60001m8c5c7jn91lj	Esta es mi respuesta a tu comentario 2	2025-03-29 21:52:34.378	2025-03-29 21:52:34.378
cm8ut9fz30001l65nwq9nic1d	cm4sths4i0008g1865nsbbh1l	a1b2c3d4-e5f6-7890-a1b2-c3d4e5f67891	\N	Hola, este es un comentario para la clase	2025-03-29 22:56:43.551	2025-03-29 22:56:43.551
cm90knoje0001key4ifffjbh6	cm4sths4i0008g1865nsbbh1l	b2c3d4e5-f6e7-8901-b2c3-d4e5f67890a2	\N	 Me gustaría entender mejor cómo los dermatólogos colaboran con otras especialidades médicas. ¿Podría dar un ejemplo de un caso en el que una consulta dermatológica haya sido clave para el diagnóstico de una enfermedad más compleja?	2025-04-02 23:42:28.346	2025-04-02 23:42:28.346
cm90kq18i0003key4ozxm1q5c	cm4sths4i0008g1865nsbbh1l	b2c3d4e5-f6e7-8901-b2c3-d4e5f67890a2	cm90knoje0001key4ifffjbh6	¡Excelente pregunta! Un ejemplo común es la detección de diabetes a través de signos en la piel, como la acantosis nigricans, que se manifiesta con manchas oscuras en los pliegues. Otro caso es el lupus, donde las lesiones cutáneas pueden ser la primera señal de la enfermedad. En estos casos, el dermatólogo juega un papel crucial en la derivación temprana del paciente para un tratamiento adecuado.	2025-04-02 23:44:18.115	2025-04-02 23:44:18.115
cm90mfns30005key4k4afnxte	cm4sths4i0008g1865nsbbh1l	a1b2c3d4-e5f6-7890-a1b2-c3d4e5f67891	\N	Tengo una duda sobre el manejo de pacientes en el postoperatorio. ¿Cuáles son las principales complicaciones que debo tener en cuenta durante las primeras 24 horas después de la cirugía, y cómo puedo anticiparlas o tratarlas?	2025-04-03 00:32:13.347	2025-04-03 00:32:13.347
cm923onmg000jkey43g5lqyzd	cm51gd9qn0000h4xoe78sb0fy	b2c3d4e5-f6e7-8901-b2c3-d4e5f67890a2	cm90knoje0001key4ifffjbh6	Este es un comentario de prueba	2025-04-04 01:22:52.696	2025-04-04 01:22:52.696
cm938obzm000lkey4xbjc93fy	cm4sths4i0008g1865nsbbh1l	b2c3d4e5-f6e7-8901-b2c3-d4e5f67890a2	cm90knoje0001key4ifffjbh6	hola, mensaje de prueba	2025-04-04 20:30:21.874	2025-04-04 20:30:21.874
cm97ego6000011ppjv577p497	cm4sths4i0008g1865nsbbh1l	a1b2c3d4-e5f6-7890-a1b2-c3d4e5f67891	\N	hola, tengo una duda sobre...	2025-04-07 18:23:26.807	2025-04-07 18:23:26.807
cm97f497d00031ppjefgy1tzb	cm4sths4i0008g1865nsbbh1l	a1b2c3d4-e5f6-7890-a1b2-c3d4e5f67891	cm97ego6000011ppjv577p497	si	2025-04-07 18:41:47.161	2025-04-07 18:41:47.161
\.


--
-- Data for Name: ClassProgress; Type: TABLE DATA; Schema: public; Owner: -
--

COPY public."ClassProgress" (id, "userId", "classId", completed, "updatedAt", "createdAt") FROM stdin;
cm8ur4jic0007m8c5duuvoa5u	cm4sths4i0008g1865nsbbh1l	a1b2c3d4-e5f6-7890-a1b2-c3d4e5f67891	t	2025-04-02 20:32:46.817	2025-03-29 21:56:55.62
cm91yp1ap000hkey45v0h8btl	cm51gd9qn0000h4xoe78sb0fy	a1b2c3d4-e5f6-7890-a1b2-c3d4e5f67891	t	2025-04-03 23:03:12.336	2025-04-03 23:03:12.336
1	cm4sths4i0008g1865nsbbh1l	b2c3d4e5-f6e7-8901-b2c3-d4e5f67890a2	t	2025-04-07 18:45:04.416	2025-03-26 20:44:08.883
\.


--
-- Data for Name: ClassResource; Type: TABLE DATA; Schema: public; Owner: -
--

COPY public."ClassResource" (id, "classId", title, "fileUrl", "createdAt", "updatedAt") FROM stdin;
11111111-aaaa-bbbb-cccc-000000000001	a1b2c3d4-e5f6-7890-a1b2-c3d4e5f67891	Certificado en PDF	https://res.cloudinary.com/dwcrzwawj/image/upload/v1737207666/71tV_ED21GL_ogwjfx.jpg	2025-03-26 20:41:01.982	2025-03-26 20:41:01.982
11111111-aaaa-bbbb-cccc-000000000002	b2c3d4e5-f6e7-8901-b2c3-d4e5f67890a2	Certificado en PDF	https://res.cloudinary.com/dwcrzwawj/image/upload/v1737207666/71tV_ED21GL_ogwjfx.jpg	2025-03-26 20:41:01.982	2025-03-26 20:41:01.982
11111111-aaaa-bbbb-cccc-000000000003	c3d4e5f6-e7f8-9012-c3d4-e5f67890a3b4	Certificado en PDF	https://res.cloudinary.com/dwcrzwawj/image/upload/v1737207666/71tV_ED21GL_ogwjfx.jpg	2025-03-26 20:41:01.982	2025-03-26 20:41:01.982
11111111-aaaa-bbbb-cccc-000000000004	d4e5f6e7-f8e9-0123-d4e5-f67890a3b4c5	Certificado en PDF	https://res.cloudinary.com/dwcrzwawj/image/upload/v1737207666/71tV_ED21GL_ogwjfx.jpg	2025-03-26 20:41:01.982	2025-03-26 20:41:01.982
11111111-aaaa-bbbb-cccc-000000000005	e5f6e7f8-9012-3456-d4e5-f67890a4c5d6	Certificado en PDF	https://res.cloudinary.com/dwcrzwawj/image/upload/v1737207666/71tV_ED21GL_ogwjfx.jpg	2025-03-26 20:41:01.982	2025-03-26 20:41:01.982
11111111-aaaa-bbbb-cccc-000000000006	f6e7f890-1234-5678-e5f6-7890a5c6d7e8	Certificado en PDF	https://res.cloudinary.com/dwcrzwawj/image/upload/v1737207666/71tV_ED21GL_ogwjfx.jpg	2025-03-26 20:41:01.982	2025-03-26 20:41:01.982
\.


--
-- Data for Name: Classroom; Type: TABLE DATA; Schema: public; Owner: -
--

COPY public."Classroom" (id, title, description, "createdAt", "updatedAt", "channelName", "endDateTime", "imageUrl", price, "startDateTime", categories, "isFree") FROM stdin;
classroom-001	Classroom Teórico Cosmiatría	Un espacio virtual de aprendizaje intensivo	2025-02-06 21:13:28.937	2025-02-06 21:13:28.937	\N	2025-02-27 10:31:12.827	https://res.cloudinary.com/dwcrzwawj/image/upload/v1735332035/12_apartologia_xhzq5i.jpg	500	2025-02-10 10:31:12.827	{MEDICINA_ESTETICA,TERAPIA_FISICA_REHABILITACION}	f
classroom-003	Rehabilitación y Terapia Física Virtual	Explora las técnicas más recientes en rehabilitación y terapia física desde la comodidad de tu hogar con cursos diseñados por expertos en la materia.	2025-02-17 21:13:28.937	2025-02-17 21:13:28.937	4fa85f64-5717-4562-b3fc-2c963f66aaa7	2025-09-30 10:31:12.827	https://res.cloudinary.com/dwcrzwawj/image/upload/v1735332035/12_apartologia_xhzq5i.jpg	500	2025-09-01 10:31:12.827	{MEDICINA_ESTETICA,TERAPIA_FISICA_REHABILITACION}	f
classroom-002	Cosmetología Avanzada Online	Sumérgete en el estudio avanzado de técnicas cosméticas y tratamientos de belleza en un entorno de aprendizaje virtual interactivo.	2025-02-17 21:13:28.937	2025-02-17 21:13:28.937	3fa85f64-5717-4562-b3fc-2c963f66afa6	2025-09-30 10:31:12.827	https://res.cloudinary.com/dwcrzwawj/image/upload/v1735332035/12_apartologia_xhzq5i.jpg	500	2025-01-01 10:31:12.827	{MEDICINA_ESTETICA,TERAPIA_FISICA_REHABILITACION}	f
\.


--
-- Data for Name: ClassroomEnrollment; Type: TABLE DATA; Schema: public; Owner: -
--

COPY public."ClassroomEnrollment" (id, "classroomId", "userId", status, "createdAt", "updatedAt") FROM stdin;
cm7wee3bx000aho8tjreer1z3	classroom-003	cm7wdsxqq0003ho8tdw5flc5h	active	2025-03-05 20:56:16.221	2025-03-05 20:56:16.221
cm7whnilz000dho8tg7mfh53s	classroom-003	cm4sths4i0008g1865nsbbh1l	active	2025-03-05 22:27:34.776	2025-03-05 22:27:34.776
c35d4f43-652f-4e8c-b79d-e4ddc1b09253	classroom-003	cm51gd9qn0000h4xoe78sb0fy	ENROLLED	2025-03-08 01:19:19.972	2025-03-08 01:19:19.972
\.


--
-- Data for Name: CourseEnrollment; Type: TABLE DATA; Schema: public; Owner: -
--

COPY public."CourseEnrollment" (id, "courseId", "userId", "enrolledAt") FROM stdin;
cm56u7hi90002lq5tfoq6jbpx	4f8b2d5c-c302-4e69-b9df-b676c3b5c99f	user-001	2024-12-27 14:17:36.61
cm56u9ru00005lq5tgvqv6oa6	4f8b2d5c-c302-4e69-b9df-b676c3b5c99f	user-001	2024-12-27 14:19:23.305
cm56v80w40008lq5trvacyjkz	9ab937f0-54c5-4cae-b544-25137c4fd1de	cm4sths4i0008g1865nsbbh1l	2024-12-27 14:46:01.348
cm56x1j9s0004mnll9xelhuwe	4f8b2d5c-c302-4e69-b9df-b676c3b5c99f	user-001	2024-12-27 15:36:57.808
cm573sqn500021279rbth4xub	4f8b2d5c-c302-4e69-b9df-b676c3b5c99f	user-001	2024-12-27 18:46:04.77
cm5yovd9l0002uexvzrnyg7tx	28b5f40f-d9d1-4651-8183-105b0eaf22e1	cm4slavoi0003g186bm5xpbvj	2025-01-16 02:05:46.058
\.


--
-- Data for Name: Subscription; Type: TABLE DATA; Schema: public; Owner: -
--

COPY public."Subscription" (id, type, description, price, "createdAt", "updatedAt") FROM stdin;
2f1ae4b8-6f21-4bd5-a27f-1f42973ab7b7	ORO	Suscripción oro	20	2024-12-21 23:38:21.09	2024-12-21 23:38:21.09
1723b3f3-79bb-405f-87d0-d242f020a954	PLATA	Suscripción plata	18	2024-12-21 23:38:21.09	2024-12-21 23:38:21.09
bf9a9ba4-a596-4b5a-b1fb-21d83ed08d5c	BRONCE	Suscripción bronce	12	2024-12-21 23:38:21.09	2024-12-21 23:38:21.09
\.


--
-- Data for Name: EmpresaSubscription; Type: TABLE DATA; Schema: public; Owner: -
--

COPY public."EmpresaSubscription" (id, "empresaId", "subscriptionId", "startDate", "endDate", status, "createdAt", "updatedAt") FROM stdin;
\.


--
-- Data for Name: Event; Type: TABLE DATA; Schema: public; Owner: -
--

COPY public."Event" (id, title, "createdAt", "updatedAt", "endDateTime", "startDateTime", "leadingCompanyId", "longDescription", "mainBannerUrl", "mainImageUrl", "mapUrl", "physicalLocation", target, price, categories) FROM stdin;
event-001	Taller de Cosmetología Moderna	2025-01-06 01:14:26.882	2025-01-06 01:14:26.882	2025-01-30 22:10:10.812	2025-01-30 22:10:10.812	\N	\N	\N	\N	\N	\N	\N	0	\N
event-002	Rehabilitación Física Avanzada	2025-01-06 01:14:26.882	2025-01-06 01:14:26.882	2025-01-30 22:10:10.812	2025-01-30 22:10:10.812	\N	\N	\N	\N	\N	\N	\N	0	\N
event-003	Administración y Negocios para Clínicas	2025-01-06 01:14:26.882	2025-01-06 01:14:26.882	2025-01-30 22:10:10.812	2025-01-30 22:10:10.812	\N	\N	\N	\N	\N	\N	\N	0	\N
cm6jx0hdg0001izd1393p7n3j	Evento de demostración	2025-01-30 22:36:48.24	2025-01-30 22:36:48.24	2025-02-03 02:28:50.471	2025-02-02 14:28:50.471	\N	\N	\N	\N	\N	\N	\N	0	\N
66046783-5148-4d68-bafb-312332ebaad8	Evento de prueba 0	2025-02-04 15:17:10.995	2025-02-04 15:17:10.995	2025-02-04 22:00:00	2025-02-04 10:00:00	\N	\N	\N	\N	\N	\N	\N	0	\N
d6121dc9-da1b-49ca-94b8-fc02053f1f4c	Evento de prueba 1	2025-02-04 15:17:10.995	2025-02-04 15:17:10.995	2025-02-05 22:00:00	2025-02-05 10:00:00	\N	\N	\N	\N	\N	\N	\N	0	\N
28544821-689c-4e7f-ab1a-a408f756a079	Evento de prueba 2	2025-02-04 15:17:10.995	2025-02-04 15:17:10.995	2025-02-06 22:00:00	2025-02-06 10:00:00	\N	\N	\N	\N	\N	\N	\N	0	\N
0ec96723-bd77-42c3-904a-a7128e6c08af	Evento de prueba 3	2025-02-04 15:17:10.995	2025-02-04 15:17:10.995	2025-02-07 22:00:00	2025-02-07 10:00:00	\N	\N	\N	\N	\N	\N	\N	0	\N
61c81d8e-7888-412f-bef1-3ac018e49646	Evento de prueba 4	2025-02-04 15:17:10.995	2025-02-04 15:17:10.995	2025-02-08 22:00:00	2025-02-08 10:00:00	\N	\N	\N	\N	\N	\N	\N	0	\N
683ae7da-515b-4fce-9738-4577bf40e459	Evento de prueba 5	2025-02-04 15:17:10.995	2025-02-04 15:17:10.995	2025-02-09 22:00:00	2025-02-09 10:00:00	\N	\N	\N	\N	\N	\N	\N	0	\N
4a5d30b3-f5d8-4434-9d03-ee1ec9941626	Evento de prueba 6	2025-02-04 15:17:10.995	2025-02-04 15:17:10.995	2025-02-10 22:00:00	2025-02-10 10:00:00	\N	\N	\N	\N	\N	\N	\N	0	\N
event-0002	Segundo Congreso de Dermatología	2025-02-10 20:52:30.949	2025-02-10 20:52:30.949	2025-03-12 20:52:30.949	2025-02-10 20:52:30.949	company-001	Congreso de vanguardia sobre dermatología y tratamientos innovadores...	https://res.cloudinary.com/dwcrzwawj/image/upload/v1735332035/12_apartologia_xhzq5i.jpg	https://res.cloudinary.com/dwcrzwawj/image/upload/v1735332035/12_apartologia_xhzq5i.jpg	https://maps.google.com/?q=Centro+Banamex	\N	MEDICO	200	{COSMIATRIA,COSMETOLOGIA}
event-0003	Tercer Congreso de Dermatología	2025-02-12 18:48:11.528	2025-02-12 18:48:11.528	2025-04-15 17:00:00	2025-04-15 09:00:00	company-001	Un nuevo congreso especializado en dermatología clínica.	https://res.cloudinary.com/dwcrzwawj/image/upload/v1735332035/12_apartologia_xhzq5i.jpg	https://res.cloudinary.com/dwcrzwawj/image/upload/v1735332035/12_apartologia_xhzq5i.jpg	https://maps.google.com/?q=Centro+de+Convenciones+Dermatologia	Centro de Convenciones Dermatología	MEDICO	300	{ADMINISTRACION_SPA,NUTRICION}
event-0004	Cuarto Congreso de Dermatología	2025-02-12 18:48:11.528	2025-02-12 18:48:11.528	2025-05-10 18:00:00	2025-05-10 09:00:00	company-001	Un congreso avanzado en tratamientos estéticos y dermatológicos.	https://res.cloudinary.com/dwcrzwawj/image/upload/v1735332035/12_apartologia_xhzq5i.jpg	https://res.cloudinary.com/dwcrzwawj/image/upload/v1735332035/12_apartologia_xhzq5i.jpg	https://maps.google.com/?q=Expo+Dermatologia+Internacional	Expo Dermatología Internacional	MEDICO	150	{TERAPIA_FISICA_REHABILITACION,MEDICINA_ALTERNATIVA}
event-0001	Primer Congreso de Dermatología	2025-02-06 21:13:28.937	2025-02-06 21:13:28.937	2025-03-01 18:00:00	2025-03-01 09:00:00	company-001	Un congreso enfocado en últimas técnicas de dermatología...	https://res.cloudinary.com/dwcrzwawj/image/upload/v1735332035/12_apartologia_xhzq5i.jpg	https://res.cloudinary.com/dwcrzwawj/image/upload/v1735332035/12_apartologia_xhzq5i.jpg	https://maps.google.com/?q=Auditorio+Nacional	\N	MEDICO	500	{DERMATOLOGIA,MEDICINA_ESTETICA}
\.


--
-- Data for Name: EventBrand; Type: TABLE DATA; Schema: public; Owner: -
--

COPY public."EventBrand" (id, name, "imageUrl", "eventId", "createdAt", "updatedAt") FROM stdin;
brand-event-0001-01	Brand #1 for event-0001	https://res.cloudinary.com/dwcrzwawj/image/upload/v1739897869/marca_1_ujigsb.png	event-0001	2025-02-12 18:48:11.528	2025-02-12 18:48:11.528
brand-event-0001-02	Brand #2 for event-0001	https://res.cloudinary.com/dwcrzwawj/image/upload/v1739897869/marca_2_xbhsfr.png	event-0001	2025-02-12 18:48:11.528	2025-02-12 18:48:11.528
brand-event-0001-03	Brand #3 for event-0001	https://res.cloudinary.com/dwcrzwawj/image/upload/v1739897869/marca_1_ujigsb.png	event-0001	2025-02-12 18:48:11.528	2025-02-12 18:48:11.528
brand-event-0001-04	Brand #4 for event-0001	https://res.cloudinary.com/dwcrzwawj/image/upload/v1739897869/marca_1_ujigsb.png	event-0001	2025-02-12 18:48:11.528	2025-02-12 18:48:11.528
brand-event-0001-05	Brand #5 for event-0001	https://res.cloudinary.com/dwcrzwawj/image/upload/v1739897869/marca_1_ujigsb.png	event-0001	2025-02-12 18:48:11.528	2025-02-12 18:48:11.528
brand-event-0001-06	Brand #6 for event-0001	https://res.cloudinary.com/dwcrzwawj/image/upload/v1739897869/marca_1_ujigsb.png	event-0001	2025-02-12 18:48:11.528	2025-02-12 18:48:11.528
brand-event-0001-07	Brand #7 for event-0001	https://res.cloudinary.com/dwcrzwawj/image/upload/v1739897869/marca_2_xbhsfr.png	event-0001	2025-02-12 18:48:11.528	2025-02-12 18:48:11.528
brand-event-0001-08	Brand #8 for event-0001	https://res.cloudinary.com/dwcrzwawj/image/upload/v1739897869/marca_3_ubvyxq.png	event-0001	2025-02-12 18:48:11.528	2025-02-12 18:48:11.528
brand-event-0001-09	Brand #9 for event-0001	https://res.cloudinary.com/dwcrzwawj/image/upload/v1739897869/marca_1_ujigsb.png	event-0001	2025-02-12 18:48:11.528	2025-02-12 18:48:11.528
brand-event-0001-10	Brand #10 for event-0001	https://res.cloudinary.com/dwcrzwawj/image/upload/v1739897869/marca_2_xbhsfr.png	event-0001	2025-02-12 18:48:11.528	2025-02-12 18:48:11.528
brand-event-0001-11	Brand #11 for event-0001	https://res.cloudinary.com/dwcrzwawj/image/upload/v1739897869/marca_3_ubvyxq.png	event-0001	2025-02-12 18:48:11.528	2025-02-12 18:48:11.528
brand-event-0001-12	Brand #12 for event-0001	https://res.cloudinary.com/dwcrzwawj/image/upload/v1739897869/marca_2_xbhsfr.png	event-0001	2025-02-12 18:48:11.528	2025-02-12 18:48:11.528
brand-event-0002-01	Brand #1 for event-0002	https://res.cloudinary.com/dwcrzwawj/image/upload/v1739897869/marca_3_ubvyxq.png	event-0002	2025-02-12 18:48:11.528	2025-02-12 18:48:11.528
brand-event-0002-02	Brand #2 for event-0002	https://res.cloudinary.com/dwcrzwawj/image/upload/v1739897869/marca_1_ujigsb.png	event-0002	2025-02-12 18:48:11.528	2025-02-12 18:48:11.528
brand-event-0002-03	Brand #3 for event-0002	https://res.cloudinary.com/dwcrzwawj/image/upload/v1739897869/marca_3_ubvyxq.png	event-0002	2025-02-12 18:48:11.528	2025-02-12 18:48:11.528
brand-event-0002-04	Brand #4 for event-0002	https://res.cloudinary.com/dwcrzwawj/image/upload/v1739897869/marca_2_xbhsfr.png	event-0002	2025-02-12 18:48:11.528	2025-02-12 18:48:11.528
brand-event-0002-05	Brand #5 for event-0002	https://res.cloudinary.com/dwcrzwawj/image/upload/v1739897869/marca_1_ujigsb.png	event-0002	2025-02-12 18:48:11.528	2025-02-12 18:48:11.528
brand-event-0002-06	Brand #6 for event-0002	https://res.cloudinary.com/dwcrzwawj/image/upload/v1739897869/marca_2_xbhsfr.png	event-0002	2025-02-12 18:48:11.528	2025-02-12 18:48:11.528
brand-event-0002-07	Brand #7 for event-0002	https://res.cloudinary.com/dwcrzwawj/image/upload/v1739897869/marca_3_ubvyxq.png	event-0002	2025-02-12 18:48:11.528	2025-02-12 18:48:11.528
brand-event-0002-08	Brand #8 for event-0002	https://res.cloudinary.com/dwcrzwawj/image/upload/v1739897869/marca_1_ujigsb.png	event-0002	2025-02-12 18:48:11.528	2025-02-12 18:48:11.528
brand-event-0002-09	Brand #9 for event-0002	https://res.cloudinary.com/dwcrzwawj/image/upload/v1739897869/marca_2_xbhsfr.png	event-0002	2025-02-12 18:48:11.528	2025-02-12 18:48:11.528
brand-event-0002-10	Brand #10 for event-0002	https://res.cloudinary.com/dwcrzwawj/image/upload/v1739897869/marca_1_ujigsb.png	event-0002	2025-02-12 18:48:11.528	2025-02-12 18:48:11.528
brand-event-0002-11	Brand #11 for event-0002	https://res.cloudinary.com/dwcrzwawj/image/upload/v1739897869/marca_2_xbhsfr.png	event-0002	2025-02-12 18:48:11.528	2025-02-12 18:48:11.528
brand-event-0002-12	Brand #12 for event-0002	https://res.cloudinary.com/dwcrzwawj/image/upload/v1739897869/marca_3_ubvyxq.png	event-0002	2025-02-12 18:48:11.528	2025-02-12 18:48:11.528
brand-event-0003-01	Brand #1 for event-0003	https://res.cloudinary.com/dwcrzwawj/image/upload/v1739897869/marca_2_xbhsfr.png	event-0003	2025-02-12 18:48:11.528	2025-02-12 18:48:11.528
brand-event-0003-02	Brand #2 for event-0003	https://res.cloudinary.com/dwcrzwawj/image/upload/v1739897869/marca_1_ujigsb.png	event-0003	2025-02-12 18:48:11.528	2025-02-12 18:48:11.528
brand-event-0003-03	Brand #3 for event-0003	https://res.cloudinary.com/dwcrzwawj/image/upload/v1739897869/marca_2_xbhsfr.png	event-0003	2025-02-12 18:48:11.528	2025-02-12 18:48:11.528
brand-event-0003-04	Brand #4 for event-0003	https://res.cloudinary.com/dwcrzwawj/image/upload/v1739897869/marca_2_xbhsfr.png	event-0003	2025-02-12 18:48:11.528	2025-02-12 18:48:11.528
brand-event-0003-05	Brand #5 for event-0003	https://res.cloudinary.com/dwcrzwawj/image/upload/v1739897869/marca_1_ujigsb.png	event-0003	2025-02-12 18:48:11.528	2025-02-12 18:48:11.528
brand-event-0003-06	Brand #6 for event-0003	https://res.cloudinary.com/dwcrzwawj/image/upload/v1739897869/marca_3_ubvyxq.png	event-0003	2025-02-12 18:48:11.528	2025-02-12 18:48:11.528
brand-event-0003-07	Brand #7 for event-0003	https://res.cloudinary.com/dwcrzwawj/image/upload/v1739897869/marca_3_ubvyxq.png	event-0003	2025-02-12 18:48:11.528	2025-02-12 18:48:11.528
brand-event-0003-08	Brand #8 for event-0003	https://res.cloudinary.com/dwcrzwawj/image/upload/v1739897869/marca_3_ubvyxq.png	event-0003	2025-02-12 18:48:11.528	2025-02-12 18:48:11.528
brand-event-0003-09	Brand #9 for event-0003	https://res.cloudinary.com/dwcrzwawj/image/upload/v1739897869/marca_3_ubvyxq.png	event-0003	2025-02-12 18:48:11.528	2025-02-12 18:48:11.528
brand-event-0003-10	Brand #10 for event-0003	https://res.cloudinary.com/dwcrzwawj/image/upload/v1739897869/marca_2_xbhsfr.png	event-0003	2025-02-12 18:48:11.528	2025-02-12 18:48:11.528
brand-event-0003-11	Brand #11 for event-0003	https://res.cloudinary.com/dwcrzwawj/image/upload/v1739897869/marca_3_ubvyxq.png	event-0003	2025-02-12 18:48:11.528	2025-02-12 18:48:11.528
brand-event-0003-12	Brand #12 for event-0003	https://res.cloudinary.com/dwcrzwawj/image/upload/v1739897869/marca_2_xbhsfr.png	event-0003	2025-02-12 18:48:11.528	2025-02-12 18:48:11.528
brand-event-0004-01	Brand #1 for event-0004	https://res.cloudinary.com/dwcrzwawj/image/upload/v1739897869/marca_2_xbhsfr.png	event-0004	2025-02-12 18:48:11.528	2025-02-12 18:48:11.528
brand-event-0004-02	Brand #2 for event-0004	https://res.cloudinary.com/dwcrzwawj/image/upload/v1739897869/marca_1_ujigsb.png	event-0004	2025-02-12 18:48:11.528	2025-02-12 18:48:11.528
brand-event-0004-03	Brand #3 for event-0004	https://res.cloudinary.com/dwcrzwawj/image/upload/v1739897869/marca_3_ubvyxq.png	event-0004	2025-02-12 18:48:11.528	2025-02-12 18:48:11.528
brand-event-0004-04	Brand #4 for event-0004	https://res.cloudinary.com/dwcrzwawj/image/upload/v1739897869/marca_2_xbhsfr.png	event-0004	2025-02-12 18:48:11.528	2025-02-12 18:48:11.528
brand-event-0004-05	Brand #5 for event-0004	https://res.cloudinary.com/dwcrzwawj/image/upload/v1739897869/marca_2_xbhsfr.png	event-0004	2025-02-12 18:48:11.528	2025-02-12 18:48:11.528
brand-event-0004-06	Brand #6 for event-0004	https://res.cloudinary.com/dwcrzwawj/image/upload/v1739897869/marca_3_ubvyxq.png	event-0004	2025-02-12 18:48:11.528	2025-02-12 18:48:11.528
brand-event-0004-07	Brand #7 for event-0004	https://res.cloudinary.com/dwcrzwawj/image/upload/v1739897869/marca_3_ubvyxq.png	event-0004	2025-02-12 18:48:11.528	2025-02-12 18:48:11.528
brand-event-0004-08	Brand #8 for event-0004	https://res.cloudinary.com/dwcrzwawj/image/upload/v1739897869/marca_3_ubvyxq.png	event-0004	2025-02-12 18:48:11.528	2025-02-12 18:48:11.528
brand-event-0004-09	Brand #9 for event-0004	https://res.cloudinary.com/dwcrzwawj/image/upload/v1739897869/marca_2_xbhsfr.png	event-0004	2025-02-12 18:48:11.528	2025-02-12 18:48:11.528
brand-event-0004-10	Brand #10 for event-0004	https://res.cloudinary.com/dwcrzwawj/image/upload/v1739897869/marca_1_ujigsb.png	event-0004	2025-02-12 18:48:11.528	2025-02-12 18:48:11.528
brand-event-0004-11	Brand #11 for event-0004	https://res.cloudinary.com/dwcrzwawj/image/upload/v1739897869/marca_2_xbhsfr.png	event-0004	2025-02-12 18:48:11.528	2025-02-12 18:48:11.528
brand-event-0004-12	Brand #12 for event-0004	https://res.cloudinary.com/dwcrzwawj/image/upload/v1739897869/marca_3_ubvyxq.png	event-0004	2025-02-12 18:48:11.528	2025-02-12 18:48:11.528
\.


--
-- Data for Name: EventEnrollment; Type: TABLE DATA; Schema: public; Owner: -
--

COPY public."EventEnrollment" (id, "eventId", "userId", status, "createdAt", "updatedAt") FROM stdin;
enrollment-001	event-001	cm4rh5ur20000z6z3hcqxg7o4	CONFIRMED	2025-02-06 21:13:28.937	2025-02-06 21:13:28.937
enrollment-002	event-001	cm4slavoi0003g186bm5xpbvj	PENDING	2025-02-06 21:13:28.937	2025-02-06 21:13:28.937
cm72ftfa00002hc1z0rvh06x5	event-0001	cm4sths4i0008g1865nsbbh1l	active	2025-02-12 21:43:05.868	2025-02-12 21:43:05.868
cm7zhg1qg0002apgkc8auyuic	event-0002	cm4sths4i0008g1865nsbbh1l	active	2025-03-08 00:45:04.825	2025-03-08 00:45:04.825
cm83o1ny3000e126705sj2aoo	event-0001	cm7wdsxqq0003ho8tdw5flc5h	active	2025-03-10 23:00:55.803	2025-03-10 23:00:55.803
\.


--
-- Data for Name: EventOrganizer; Type: TABLE DATA; Schema: public; Owner: -
--

COPY public."EventOrganizer" (id, "eventId", name, career, "photoUrl", "createdAt", "updatedAt") FROM stdin;
org-001	event-0001	Juan Pérez	Ingeniero en Software	https://res.cloudinary.com/dwcrzwawj/image/upload/v1732284866/samples/smile.jpg	2025-02-11 19:44:48.822	2025-02-11 19:44:48.822
org-002	event-0001	Ana López	CEO de TechCorp	https://res.cloudinary.com/dwcrzwawj/image/upload/v1732284866/samples/smile.jpg	2025-02-11 19:44:48.822	2025-02-11 19:44:48.822
org-003	event-0002	Carlos Ramírez	Especialista en IA	https://res.cloudinary.com/dwcrzwawj/image/upload/v1732284866/samples/smile.jpg	2025-02-11 19:44:48.822	2025-02-11 19:44:48.822
\.


--
-- Data for Name: EventStream; Type: TABLE DATA; Schema: public; Owner: -
--

COPY public."EventStream" (id, "eventId", "startDateTime", "endDateTime", "createdAt", "updatedAt", "channelName", "imageUrl", categories, description, name) FROM stdin;
f86294bc-ba49-48bd-8608-c0d60e3534f8	66046783-5148-4d68-bafb-312332ebaad8	2025-02-04 10:00:00	2025-02-04 22:00:00	2025-02-04 15:17:10.995	2025-02-04 15:17:10.995	\N	\N	\N		
b52adf3b-4b3d-402b-a291-5f69571ecf15	28544821-689c-4e7f-ab1a-a408f756a079	2025-02-06 10:00:00	2025-02-06 22:00:00	2025-02-04 15:17:10.995	2025-02-04 15:17:10.995	\N	\N	\N		
e14510f1-cbe4-4c25-a37f-97071c104e94	0ec96723-bd77-42c3-904a-a7128e6c08af	2025-02-07 10:00:00	2025-02-07 22:00:00	2025-02-04 15:17:10.995	2025-02-04 15:17:10.995	\N	\N	\N		
67002aee-c667-4fe5-bc30-a76c177892f9	61c81d8e-7888-412f-bef1-3ac018e49646	2025-02-08 10:00:00	2025-02-08 22:00:00	2025-02-04 15:17:10.995	2025-02-04 15:17:10.995	\N	\N	\N		
587ad7f7-279e-407f-abb2-95b63ec9db91	683ae7da-515b-4fce-9738-4577bf40e459	2025-02-09 10:00:00	2025-02-09 22:00:00	2025-02-04 15:17:10.995	2025-02-04 15:17:10.995	\N	\N	\N		
029ce955-f8e6-4433-a0ee-0115e43eb9df	4a5d30b3-f5d8-4434-9d03-ee1ec9941626	2025-02-01 10:00:00	2025-02-10 22:00:00	2025-02-04 15:17:10.995	2025-02-04 15:17:10.995	\N	\N	\N		
1ec3686a-4fe5-46d7-8d49-5f273c0d02db	d6121dc9-da1b-49ca-94b8-fc02053f1f4c	2025-02-01 10:00:00	2025-02-05 22:00:00	2025-02-04 15:17:10.995	2025-02-04 15:17:10.995	\N	\N	\N		
stream-001	event-0001	2025-02-01 09:00:00	2025-03-30 12:00:00	2025-02-06 21:13:28.937	2025-02-06 21:13:28.937	c3fdaae3-4f67-4e1c-91d2-830e1db6cb9a	https://res.cloudinary.com/dwcrzwawj/image/upload/v1735332035/12_apartologia_xhzq5i.jpg	{DERMATOLOGIA,ESTUDIANTE_DE_MEDICINA}	Esta es una descripción del stream que sirve para decsribirlo	Todo sobre estética naturista
\.


--
-- Data for Name: EventStreamEnrollment; Type: TABLE DATA; Schema: public; Owner: -
--

COPY public."EventStreamEnrollment" (id, "eventStreamId", "userId", status, "createdAt", "updatedAt") FROM stdin;
cm4sths4i0008g1865nsbbh1l	stream-001	cm4sths4i0008g1865nsbbh1l	active	2025-02-24 20:39:00.586	2025-02-24 20:39:00.586
cm51gd9qn0000h4xoe78sb0ft	stream-001	cm51gd9qn0000h4xoe78sb0fy	active	2025-02-24 20:39:00.586	2025-02-24 20:39:00.586
85c5db97-1627-4733-a847-a8c1cec69d7e	stream-001	cm7wdsxqq0003ho8tdw5flc5h	ENROLLED	2025-03-10 23:28:51.847	2025-03-10 23:28:51.847
\.


--
-- Data for Name: Medico; Type: TABLE DATA; Schema: public; Owner: -
--

COPY public."Medico" (id, profession, type, verification, "userId", "createdAt", "updatedAt") FROM stdin;
cm56w8zl5000clq5tuxxxusut	DERMATOLOGIA	COSMETOLOGO	https://res.cloudinary.com/dwcrzwawj/image/upload/v1735312485/uploads/mrhu3rhejx9kkxhvcnye.jpg	cm56w8b2p000alq5tp2r75xrc	2024-12-27 15:14:45.929	2024-12-27 15:14:45.929
cm5h6h7uk000313jr8sa1pwzd	DERMATOLOGIA	MEDICO	https://res.cloudinary.com/dwcrzwawj/image/upload/v1735934327/uploads/mt9cykldnrc1vcfon3sr.png	cm51gd9qn0000h4xoe78sb0fy	2025-01-03 19:58:47.804	2025-01-03 19:58:47.804
cm5leydb500089uk1uinl9ku6	DERMATOLOGIA	MEDICO	https://res.cloudinary.com/dwcrzwawj/image/upload/v1736190428/uploads/afuhfemeyngcdpxtpjgo.png	cm5lexedd00069uk1ow1ilyb1	2025-01-06 19:07:09.665	2025-01-06 19:07:09.665
cm5vmrcin00044w9bleg577q6	MEDICO_DERMATOLOGIA	MEDICO	https://res.cloudinary.com/dwcrzwawj/image/upload/v1736808453/uploads/mnfxkh4v30imt7jyqhln.png	cm5vmpm2w00024w9bx0wvmiuk	2025-01-13 22:43:20.735	2025-01-13 22:43:20.735
cm7we68ss0007ho8tq62sjcp9	DERMATOLOGIA	MEDICO	https://res.cloudinary.com/dwcrzwawj/image/upload/v1741207809/uploads/getnvt6uph3zluljhro3.png	cm7wdsxqq0003ho8tdw5flc5h	2025-03-05 20:50:10.061	2025-03-05 20:50:10.061
medico-003	MEDICO_MEDICINA_ESTETICA	MEDICO	https://res.cloudinary.com/dwcrzwawj/image/upload/v1743805092/uploads/lt4tjetkfop9xaajgvqy.pdf	cm4sths4i0008g1865nsbbh1l	2024-12-21 22:52:41.166	2024-12-21 22:52:41.166
cm94gisgl0010key48pj2nbdy	DERMATOLOGIA	MEDICO		user-001	2025-04-05 16:57:46.363	2025-04-05 16:57:46.363
cm94psuib0012key4f608oavg	DERMATOLOGIA	MEDICO		user-002	2025-04-05 21:17:31.909	2025-04-05 21:17:31.909
cm94qhdko0015key4wdxitn4m	DERMATOLOGIA	MEDICO		cm94qgmth0013key4px084yal	2025-04-05 21:36:36.6	2025-04-05 21:36:36.6
\.


--
-- Data for Name: Message; Type: TABLE DATA; Schema: public; Owner: -
--

COPY public."Message" (id, name, phone, email, description, "userId", "empresaId", "productId", type, "createdAt", "updatedAt") FROM stdin;
cm5pc8jxn000092rvqvr8i3mz	María	202-555-0111	correo@gmail.com	Estoy interesado en este producto.	cm4rh5ur20000z6z3hcqxg7o4	company-001		product	2025-01-09 13:02:10.666	2025-01-09 13:02:10.666
cm5pcbaar000192rvqhv8y2b1	María	202-555-0111	correo@gmail.com	Estoy interesado en este producto.	cm4rh5ur20000z6z3hcqxg7o4	company-001		direct	2025-01-09 13:04:18.147	2025-01-09 13:04:18.147
cm5pgxu020000emefnr0kwnzf	María	202-555-0111	correo@gmail.com	Estoy interesado en este producto.	cm4rh5ur20000z6z3hcqxg7o4	company-001		direct	2025-01-09 15:13:48.578	2025-01-09 15:13:48.578
cm5r5sxkb0000gwacqkdt9k23	string	string	string	string				direct	2025-01-10 19:37:36.491	2025-01-10 19:37:36.491
cm5r77uyx0000f07z66spfp0b	Joaquin	12312312312	joaco.elia9@gmail.com	Hola este es un mensaje de prueba, saludos	\N	company-001	\N	direct	2025-01-10 20:17:12.585	2025-01-10 20:17:12.585
cm5r7ds9e0001f07zwogypkk9	Joaquin	12312312312	joaco.elia9@gmail.com	Hola este es un mensaje de prueba	\N	company-001	\N	direct	2025-01-10 20:21:49.011	2025-01-10 20:21:49.011
cm5r7sole0002f07z1tonegfv	Joaquin	+5402281310996	joaco.elia9@gmail.com	Hola estoy probando el envío de mensajes	cm51gd9qn0000h4xoe78sb0fy	company-001	\N	direct	2025-01-10 20:33:24.099	2025-01-10 20:33:24.099
cm5r7tccj0003f07z9yx4llzw	Joaquin	+5402281310996	joaco.elia9@gmail.com	Otra prueba de envío	cm51gd9qn0000h4xoe78sb0fy	company-001	\N	direct	2025-01-10 20:33:54.884	2025-01-10 20:33:54.884
cm5r967k60001gwacf519dm86	string	string	gabhack@gmail.com	string	cm4sths4i0008g1865nsbbh1l			direct	2025-01-10 21:11:54.822	2025-01-10 21:11:54.822
cm5r99mja0002gwac60lifm6o	string	string	gabhack@gmail.com	string	cm4sths4i0008g1865nsbbh1l	company-001		direct	2025-01-10 21:14:34.199	2025-01-10 21:14:34.199
cm5r9jkpc0004f07z2ucw8qz3	Joaquin	+5402281310996	joaco.elia9@gmail.com	hola genio cómo estás?	cm51gd9qn0000h4xoe78sb0fy	company-001	\N	direct	2025-01-10 21:22:18.384	2025-01-10 21:22:18.384
cm5raoo3a00002s9c6pebn5up	Joaquin	+5402281310996	joaco.elia9@gmail.com	Hola cómo estás? Esto es una prueba de envío de mensaje	cm51gd9qn0000h4xoe78sb0fy	company-001	\N	direct	2025-01-10 21:54:15.67	2025-01-10 21:54:15.67
cm5rapawn00012s9cvnvhky90	Joaquin	+5402281310996	joaco.elia9@gmail.com	holaaaaaa	cm51gd9qn0000h4xoe78sb0fy	company-001	\N	direct	2025-01-10 21:54:45.24	2025-01-10 21:54:45.24
cm5ras69500022s9cssdnxuvs	Crack	12312312312	joaco.elia9@gmail.com	<Hola>	\N	company-001	\N	direct	2025-01-10 21:56:59.177	2025-01-10 21:56:59.177
cm5rbtli000002revtvhdst74	string	string	gabhack@gmail.com	string	cm4sths4i0008g1865nsbbh1l	company-001		direct	2025-01-10 22:26:05.208	2025-01-10 22:26:05.208
cm5rbzjo60000dpklgayz8vnf	string	string	gabhack@gmail.com	string	cm4sths4i0008g1865nsbbh1l	company-001		direct	2025-01-10 22:30:42.775	2025-01-10 22:30:42.775
cm5rc2uza0000x2ehuptupe9j	string	string	gabhack@gmail.com	string	cm4sths4i0008g1865nsbbh1l	company-001		direct	2025-01-10 22:33:17.398	2025-01-10 22:33:17.398
cm5rcdxvh00004w9btfax2nqh	string	string	gabhack@gmail.com	string	cm4sths4i0008g1865nsbbh1l	company-001		direct	2025-01-10 22:41:54.365	2025-01-10 22:41:54.365
cm5rcinxp0000stq8oodo0qpv	string	string	gabhack@gmail.com	string	cm4sths4i0008g1865nsbbh1l	company-001		direct	2025-01-10 22:45:34.765	2025-01-10 22:45:34.765
cm5rgxzjt00014w9bif4q0njy	Joaquin	12312312312	joaco.elia9@gmail.com	Hola genio, otra pruebita\n	\N	company-001	\N	direct	2025-01-11 00:49:28.122	2025-01-11 00:49:28.122
cm5zhhg990004domhk4khrq0z	María	202-555-0111	correo@gmail.com	Este es un mensaje de prueba.	cm4sths4i0008g1865nsbbh1l	company-001	\N	direct	2025-01-16 15:26:45.646	2025-01-16 15:26:45.646
cm5zhxern0005domhzhtsd80f	Nahuel	5555555555	nahuel@mail.com	Este e sun mensaje para Julio	cm4sths4i0008g1865nsbbh1l	company-001	\N	direct	2025-01-16 15:39:10.211	2025-01-16 15:39:10.211
cm5zi9wpz000adomh7gdxt1u2	Nahuel	+54911	nahuel.rivas.dev@gmail.com	Esta es una prueba	cm4sths4i0008g1865nsbbh1l	company-001	p1	direct	2025-01-16 15:48:53.352	2025-01-16 15:48:53.352
cm5ziac0g000bdomh50k1eaqx	Nahuel	+54911	nahuel.rivas.dev@gmail.com	Probando porque no se envia el mail	cm4sths4i0008g1865nsbbh1l	company-001	p1	direct	2025-01-16 15:49:13.168	2025-01-16 15:49:13.168
cm5zjinlb000cdomht9my9gb6	María	202-555-0111	prueba@gmail.com	Este es un mensaje de prueba.	cm4sths4i0008g1865nsbbh1l	company-001	\N	direct	2025-01-16 16:23:41.039	2025-01-16 16:23:41.039
cm628dphg0002ctyvfjc6qtho	Nahuel Eduardo	01151825697	Nahuel.rivas.dev@gmail.com	Hola esto es una prueba de mensaje deslogeado	\N	company-001	\N	direct	2025-01-18 13:35:12.964	2025-01-18 13:35:12.964
cm628so5f0003ctyvuz49zshv	Lucas	124141551	lucasmartinez@gmail.com	Esto es un mensaje de prueba sin logearse.	\N	company-001	\N	direct	2025-01-18 13:46:51.075	2025-01-18 13:46:51.075
cm65gosh8000actyv73nq3j5q	Joaquin	+5402281310996	joaquin.elia@hotmail.com	Hola! Me gustaría saber mas de este producto. Gracias	cm4sths4i0008g1865nsbbh1l	cm5hc2sp80003kh8gub7rbr3f	p1	product	2025-01-20 19:51:05.517	2025-01-20 19:51:05.517
cm65h8272000bctyvfgl9k5ug	hola	12312312312	joaco.elia9@gmail.com	Hola	\N	company-001	\N	direct	2025-01-20 20:06:04.575	2025-01-20 20:06:04.575
cm65i8c9r000cctyv0o7d5gpq	Joaquin	12312312312	joaquin.elia@hotmail.com	Hola	\N	company-001	p6	product	2025-01-20 20:34:17.248	2025-01-20 20:34:17.248
cm67220i0000hctyvcbjfjixe	joaquin	12312312312	joaco.elia9@gmail.com	Hola	\N	company-001	\N	direct	2025-01-21 22:37:00.552	2025-01-21 22:37:00.552
\.


--
-- Data for Name: Minisite; Type: TABLE DATA; Schema: public; Owner: -
--

COPY public."Minisite" (id, "empresaId", "videoUrl", "aboutDescription", "followersCount", "coursesCount", "productsCount", "createdAt", "updatedAt", "minisiteColor", slogan, "catalogueUrl") FROM stdin;
minisite-001	company-001	https://www.youtube.com/embed/example-video	["Expertos en aromaterapia y soluciones integrales."]	200	15	8	2025-01-13 23:23:46.948	2025-01-13 23:23:46.948	#0000FF	Lo esencial al mejor precio	https://res.cloudinary.com/dwcrzwawj/image/upload/v1737058891/uploads/bny5bborjggfofqj8gh2.pdf
minisite-basico	company-003	https://www.youtube.com/embed/basico-video	["Soluciones básicas para todos."]	100	5	10	2025-01-18 10:00:00	2025-01-18 10:00:00	#0000FF	Lo esencial al mejor precio	https://res.cloudinary.com/dwcrzwawj/image/upload/v1737058891/uploads/bny5bborjggfofqj8gh2.pdf
minisite-premium	cm5vnd6wu00084w9b3ppf8x1p	https://www.youtube.com/embed/premium-video	["Innovación en productos premium."]	500	10	20	2025-01-18 10:00:00	2025-01-18 10:00:00	#FF0000	Experiencia Premium	https://res.cloudinary.com/dwcrzwawj/image/upload/v1737058891/uploads/bny5bborjggfofqj8gh2.pdf
minisite-intermedio	company-002	https://www.youtube.com/embed/intermedio-video	["Descubre soluciones de cuidado personal."]	250	8	15	2025-01-18 10:00:00	2025-01-18 10:00:00	#00FF00	Calidad a tu alcance	https://res.cloudinary.com/dwcrzwawj/image/upload/v1737213830/uploads/ch5s6bg03kp6ksqd8wuy.pdf
minisite-company-004	company-004	https://www.youtube.com/embed/nutrition-clinic	["Enfocados en nutrición clínica y deportiva."]	150	0	0	2025-01-20 10:00:00	2025-01-20 10:00:00	#A3D9A5	Nutre tu vida	\N
minisite-company-005	company-005	https://www.youtube.com/embed/aesthetic-pros	["Formación y técnicas estéticas profesionales."]	200	0	0	2025-01-20 10:00:00	2025-01-20 10:00:00	#FFC0CB	Belleza a tu alcance	\N
minisite-company-006	company-006	https://www.youtube.com/embed/adv-dermatology	["Asociación especializada en dermatología avanzada."]	300	0	0	2025-01-20 10:00:00	2025-01-20 10:00:00	#E6E6FA	Cuidando tu piel	\N
\.


--
-- Data for Name: MinisiteBenefit; Type: TABLE DATA; Schema: public; Owner: -
--

COPY public."MinisiteBenefit" (id, "minisiteId", title, description, "createdAt", "updatedAt") FROM stdin;
benefit-001	minisite-001	Bienestar integral	Nuestros productos están diseñados para mejorar tu calidad de vida.	2025-01-13 23:23:46.948	2025-01-13 23:23:46.948
benefit-002	minisite-001	Calidad certificada	Cumplimos con los más altos estándares de calidad.	2025-01-13 23:23:46.948	2025-01-13 23:23:46.948
\.


--
-- Data for Name: ProductCompanyCategory; Type: TABLE DATA; Schema: public; Owner: -
--

COPY public."ProductCompanyCategory" (id, name, "companyId", "createdAt", "updatedAt", "bannerImageUrl", "miniSiteImageUrl", "footerBanner", "iconUrl") FROM stdin;
1	Cuidado Facial	cm5hc2sp80003kh8gub7rbr3f	2025-01-08 11:11:20.678	2025-01-08 11:11:20.678	https://res.cloudinary.com/dwcrzwawj/image/upload/v1735332035/12_apartologia_xhzq5i.jpg	https://res.cloudinary.com/dwcrzwawj/image/upload/v1736331684/Cosmetic-Bottle-03_cxroh1.jpg	https://res.cloudinary.com/dwcrzwawj/image/upload/v1735332035/12_apartologia_xhzq5i.jpg	https://res.cloudinary.com/dwcrzwawj/image/upload/v1732292545/categoria1_ltnux1.png
2	Cuidado Corporal	cm5hc2sp80003kh8gub7rbr3f	2025-01-08 11:11:20.678	2025-01-08 11:11:20.678	https://res.cloudinary.com/dwcrzwawj/image/upload/v1735332035/12_apartologia_xhzq5i.jpg	https://res.cloudinary.com/dwcrzwawj/image/upload/v1736331684/Cosmetic-Bottle-03_cxroh1.jpg	https://res.cloudinary.com/dwcrzwawj/image/upload/v1735332035/12_apartologia_xhzq5i.jpg	https://res.cloudinary.com/dwcrzwawj/image/upload/v1732292545/categoria1_ltnux1.png
3	Aromaterapia	company-001	2025-01-08 11:11:20.678	2025-01-08 11:11:20.678	https://res.cloudinary.com/dwcrzwawj/image/upload/v1735332035/12_apartologia_xhzq5i.jpg	https://res.cloudinary.com/dwcrzwawj/image/upload/v1736331684/Cosmetic-Bottle-03_cxroh1.jpg	https://res.cloudinary.com/dwcrzwawj/image/upload/v1735332035/12_apartologia_xhzq5i.jpg	https://res.cloudinary.com/dwcrzwawj/image/upload/v1732292545/categoria1_ltnux1.png
4	Cosmiatría	company-002	2025-01-08 11:11:20.678	2025-01-08 11:11:20.678	https://res.cloudinary.com/dwcrzwawj/image/upload/v1735332035/12_apartologia_xhzq5i.jpg	https://res.cloudinary.com/dwcrzwawj/image/upload/v1736331684/Cosmetic-Bottle-03_cxroh1.jpg	https://res.cloudinary.com/dwcrzwawj/image/upload/v1735332035/12_apartologia_xhzq5i.jpg	https://res.cloudinary.com/dwcrzwawj/image/upload/v1732292545/categoria1_ltnux1.png
5	Rehabilitación	company-003	2025-01-08 11:11:20.678	2025-01-08 11:11:20.678	https://res.cloudinary.com/dwcrzwawj/image/upload/v1735332035/12_apartologia_xhzq5i.jpg	https://res.cloudinary.com/dwcrzwawj/image/upload/v1736331684/Cosmetic-Bottle-03_cxroh1.jpg	https://res.cloudinary.com/dwcrzwawj/image/upload/v1735332035/12_apartologia_xhzq5i.jpg	https://res.cloudinary.com/dwcrzwawj/image/upload/v1732292545/categoria1_ltnux1.png
\.


--
-- Data for Name: Product; Type: TABLE DATA; Schema: public; Owner: -
--

COPY public."Product" (id, name, description, "companyId", "createdAt", "updatedAt", "isFeatured", "activeIngredients", benefits, "categoryId", features, "imageGallery", "imageMain", "isBestSeller", "isOnSale", lab, "problemAddressed") FROM stdin;
p1	Crema Hidratante Facial	Crema para hidratación profunda	cm5hc2sp80003kh8gub7rbr3f	2025-01-08 11:11:20.678	2025-01-08 11:11:20.678	t	{"Ácido Hialurónico","Vitamina E"}	{"Piel suave e hidratada"}	1	{Hidratación,Antioxidante}	{https://res.cloudinary.com/dwcrzwawj/image/upload/v1736331789/skincare-products-shelf-life-39c186d92ef24e3c8066c2b8db01868c_ye73bh.png,https://res.cloudinary.com/dwcrzwawj/image/upload/v1736331737/avacad-optimsed_pgfnun.jpg,https://res.cloudinary.com/dwcrzwawj/image/upload/v1736331684/Cosmetic-Bottle-03_cxroh1.jpg}	https://res.cloudinary.com/dwcrzwawj/image/upload/v1736331789/skincare-products-shelf-life-39c186d92ef24e3c8066c2b8db01868c_ye73bh.png	f	f	LabCare	Piel seca
p2	Exfoliante Corporal	Exfoliante para remover células muertas	cm5hc2sp80003kh8gub7rbr3f	2025-01-08 11:11:20.678	2025-01-08 11:11:20.678	f	{"Extracto de Almendra","Aloe Vera"}	{"Piel suave y luminosa"}	2	{Exfoliación,"Regeneración celular"}	{https://res.cloudinary.com/dwcrzwawj/image/upload/v1736331789/skincare-products-shelf-life-39c186d92ef24e3c8066c2b8db01868c_ye73bh.png,https://res.cloudinary.com/dwcrzwawj/image/upload/v1736331737/avacad-optimsed_pgfnun.jpg,https://res.cloudinary.com/dwcrzwawj/image/upload/v1736331684/Cosmetic-Bottle-03_cxroh1.jpg}	https://res.cloudinary.com/dwcrzwawj/image/upload/v1736331789/skincare-products-shelf-life-39c186d92ef24e3c8066c2b8db01868c_ye73bh.png	f	f	SkinCo	Piel áspera
p3	Aceite de Aromaterapia	Aceite esencial relajante	cm5hc2sp80003kh8gub7rbr3f	2025-01-08 11:11:20.678	2025-01-08 11:11:20.678	t	{Lavanda,Manzanilla}	{"Reduce estrés y ansiedad"}	1	{Relajante,Calmante}	{https://res.cloudinary.com/dwcrzwawj/image/upload/v1736331789/skincare-products-shelf-life-39c186d92ef24e3c8066c2b8db01868c_ye73bh.png,https://res.cloudinary.com/dwcrzwawj/image/upload/v1736331737/avacad-optimsed_pgfnun.jpg,https://res.cloudinary.com/dwcrzwawj/image/upload/v1736331684/Cosmetic-Bottle-03_cxroh1.jpg}	https://res.cloudinary.com/dwcrzwawj/image/upload/v1736331789/skincare-products-shelf-life-39c186d92ef24e3c8066c2b8db01868c_ye73bh.png	f	f	AromaCare	Estrés
p4	Crema Revitalizante	Crema con antioxidantes	company-001	2025-01-08 11:11:20.678	2025-01-08 11:11:20.678	t	{"Vitamina C",Colágeno}	{"Piel firme y luminosa"}	3	{Regeneración,Antioxidante}	{https://res.cloudinary.com/dwcrzwawj/image/upload/v1736331789/skincare-products-shelf-life-39c186d92ef24e3c8066c2b8db01868c_ye73bh.png,https://res.cloudinary.com/dwcrzwawj/image/upload/v1736331737/avacad-optimsed_pgfnun.jpg,https://res.cloudinary.com/dwcrzwawj/image/upload/v1736331684/Cosmetic-Bottle-03_cxroh1.jpg}	https://res.cloudinary.com/dwcrzwawj/image/upload/v1736331789/skincare-products-shelf-life-39c186d92ef24e3c8066c2b8db01868c_ye73bh.png	f	f	RenewCare	Arrugas
p5	Tónico Facial Calmante	Tónico para calmar irritaciones	company-001	2025-01-08 11:11:20.678	2025-01-08 11:11:20.678	f	{"Aloe Vera",Pepino}	{"Reduce irritación y enrojecimiento"}	3	{Calmante,Refrescante}	{https://res.cloudinary.com/dwcrzwawj/image/upload/v1736331789/skincare-products-shelf-life-39c186d92ef24e3c8066c2b8db01868c_ye73bh.png,https://res.cloudinary.com/dwcrzwawj/image/upload/v1736331737/avacad-optimsed_pgfnun.jpg,https://res.cloudinary.com/dwcrzwawj/image/upload/v1736331684/Cosmetic-Bottle-03_cxroh1.jpg}	https://res.cloudinary.com/dwcrzwawj/image/upload/v1736331789/skincare-products-shelf-life-39c186d92ef24e3c8066c2b8db01868c_ye73bh.png	f	f	SoftSkin	Irritación
p6	Mascarilla Nutritiva	Mascarilla con vitaminas esenciales	company-001	2025-01-08 11:11:20.678	2025-01-08 11:11:20.678	t	{"Vitaminas A, E y D"}	{"Piel sana y luminosa"}	3	{Nutrición,Hidratación}	{https://res.cloudinary.com/dwcrzwawj/image/upload/v1736331789/skincare-products-shelf-life-39c186d92ef24e3c8066c2b8db01868c_ye73bh.png,https://res.cloudinary.com/dwcrzwawj/image/upload/v1736331737/avacad-optimsed_pgfnun.jpg,https://res.cloudinary.com/dwcrzwawj/image/upload/v1736331684/Cosmetic-Bottle-03_cxroh1.jpg}	https://res.cloudinary.com/dwcrzwawj/image/upload/v1736331789/skincare-products-shelf-life-39c186d92ef24e3c8066c2b8db01868c_ye73bh.png	f	f	Vitaskin	Falta de vitalidad
p7	Serum Antiedad	Concentrado de alta potencia	company-002	2025-01-08 11:11:20.678	2025-01-08 11:11:20.678	t	{Retinol,"Vitamina E"}	{"Reduce arrugas y líneas de expresión"}	4	{Rejuvenecimiento,Antioxidante}	{https://res.cloudinary.com/dwcrzwawj/image/upload/v1736331789/skincare-products-shelf-life-39c186d92ef24e3c8066c2b8db01868c_ye73bh.png,https://res.cloudinary.com/dwcrzwawj/image/upload/v1736331737/avacad-optimsed_pgfnun.jpg,https://res.cloudinary.com/dwcrzwawj/image/upload/v1736331684/Cosmetic-Bottle-03_cxroh1.jpg}	https://res.cloudinary.com/dwcrzwawj/image/upload/v1736331789/skincare-products-shelf-life-39c186d92ef24e3c8066c2b8db01868c_ye73bh.png	f	f	SkinLab	Envejecimiento
p8	Crema Regeneradora	Crema con células madre	company-002	2025-01-08 11:11:20.678	2025-01-08 11:11:20.678	f	{"Células madre vegetales","Ácido Hialurónico"}	{"Piel rejuvenecida"}	4	{"Regeneración celular",Hidratación}	{https://res.cloudinary.com/dwcrzwawj/image/upload/v1736331789/skincare-products-shelf-life-39c186d92ef24e3c8066c2b8db01868c_ye73bh.png,https://res.cloudinary.com/dwcrzwawj/image/upload/v1736331737/avacad-optimsed_pgfnun.jpg,https://res.cloudinary.com/dwcrzwawj/image/upload/v1736331684/Cosmetic-Bottle-03_cxroh1.jpg}	https://res.cloudinary.com/dwcrzwawj/image/upload/v1736331789/skincare-products-shelf-life-39c186d92ef24e3c8066c2b8db01868c_ye73bh.png	f	f	BioSkin	Piel dañada
p9	Protector Solar	Protección contra rayos UV	company-002	2025-01-08 11:11:20.678	2025-01-08 11:11:20.678	t	{"Óxido de Zinc","Vitamina E"}	{"Previene quemaduras y manchas"}	4	{"Protección UV",Hidratación}	{https://res.cloudinary.com/dwcrzwawj/image/upload/v1736331789/skincare-products-shelf-life-39c186d92ef24e3c8066c2b8db01868c_ye73bh.png,https://res.cloudinary.com/dwcrzwawj/image/upload/v1736331737/avacad-optimsed_pgfnun.jpg,https://res.cloudinary.com/dwcrzwawj/image/upload/v1736331684/Cosmetic-Bottle-03_cxroh1.jpg}	https://res.cloudinary.com/dwcrzwawj/image/upload/v1736331789/skincare-products-shelf-life-39c186d92ef24e3c8066c2b8db01868c_ye73bh.png	f	f	SafeSkin	Daño solar
p10	Gel Relajante	Gel para aliviar tensiones	company-003	2025-01-08 11:11:20.678	2025-01-08 11:11:20.678	t	{Mentol,Eucalipto}	{"Alivia dolores musculares"}	5	{Relajante,Refrescante}	{https://res.cloudinary.com/dwcrzwawj/image/upload/v1736331789/skincare-products-shelf-life-39c186d92ef24e3c8066c2b8db01868c_ye73bh.png,https://res.cloudinary.com/dwcrzwawj/image/upload/v1736331737/avacad-optimsed_pgfnun.jpg,https://res.cloudinary.com/dwcrzwawj/image/upload/v1736331684/Cosmetic-Bottle-03_cxroh1.jpg}	https://res.cloudinary.com/dwcrzwawj/image/upload/v1736331789/skincare-products-shelf-life-39c186d92ef24e3c8066c2b8db01868c_ye73bh.png	f	f	RelaxLab	Tensión muscular
p11	Aceite de Masaje	Aceite para masaje terapéutico	company-003	2025-01-08 11:11:20.678	2025-01-08 11:11:20.678	f	{"Aceite de Coco","Vitamina E"}	{"Piel suave y relajada"}	5	{Relajante,Nutritivo}	{https://res.cloudinary.com/dwcrzwawj/image/upload/v1736331789/skincare-products-shelf-life-39c186d92ef24e3c8066c2b8db01868c_ye73bh.png,https://res.cloudinary.com/dwcrzwawj/image/upload/v1736331737/avacad-optimsed_pgfnun.jpg,https://res.cloudinary.com/dwcrzwawj/image/upload/v1736331684/Cosmetic-Bottle-03_cxroh1.jpg}	https://res.cloudinary.com/dwcrzwawj/image/upload/v1736331789/skincare-products-shelf-life-39c186d92ef24e3c8066c2b8db01868c_ye73bh.png	f	f	TherapySkin	Tensión muscular
p12	Loción Calentadora	Loción para activar la circulación	company-003	2025-01-08 11:11:20.678	2025-01-08 11:11:20.678	t	{"Extracto de Jengibre",Capsaicina}	{"Mejora la circulación"}	5	{Activador,Calentador}	{https://res.cloudinary.com/dwcrzwawj/image/upload/v1736331789/skincare-products-shelf-life-39c186d92ef24e3c8066c2b8db01868c_ye73bh.png,https://res.cloudinary.com/dwcrzwawj/image/upload/v1736331737/avacad-optimsed_pgfnun.jpg,https://res.cloudinary.com/dwcrzwawj/image/upload/v1736331684/Cosmetic-Bottle-03_cxroh1.jpg}	https://res.cloudinary.com/dwcrzwawj/image/upload/v1736331789/skincare-products-shelf-life-39c186d92ef24e3c8066c2b8db01868c_ye73bh.png	f	f	WarmSkin	Mala circulación
\.


--
-- Data for Name: MinisiteFeaturedProduct; Type: TABLE DATA; Schema: public; Owner: -
--

COPY public."MinisiteFeaturedProduct" (id, "minisiteId", "productId", "order", tagline, "createdAt", "updatedAt") FROM stdin;
featured-001	minisite-001	p4	1	Rejuvenece tu piel con la Crema Revitalizante.	2025-01-13 23:23:46.948	2025-01-13 23:23:46.948
featured-002	minisite-001	p6	2	Nutre tu piel con nuestra Mascarilla Nutritiva.	2025-01-13 23:23:46.948	2025-01-13 23:23:46.948
featured-premium-001	minisite-premium	p1	1	Hidratación con lujo	2025-01-18 10:00:00	2025-01-18 10:00:00
featured-premium-002	minisite-premium	p3	2	Aromaterapia esencial	2025-01-18 10:00:00	2025-01-18 10:00:00
featured-intermedio-001	minisite-intermedio	p7	1	Rejuvenecimiento accesible	2025-01-18 10:00:00	2025-01-18 10:00:00
featured-intermedio-002	minisite-intermedio	p9	2	Protección diaria	2025-01-18 10:00:00	2025-01-18 10:00:00
featured-basico-001	minisite-basico	p10	1	Relajación accesible	2025-01-18 10:00:00	2025-01-18 10:00:00
featured-basico-002	minisite-basico	p11	2	Masajes para el día a día	2025-01-18 10:00:00	2025-01-18 10:00:00
\.


--
-- Data for Name: MinisiteHighlightProduct; Type: TABLE DATA; Schema: public; Owner: -
--

COPY public."MinisiteHighlightProduct" (id, "minisiteId", "productId", "highlightFeatures", "highlightDescription", "hoghlightImageUrl", "createdAt", "updatedAt") FROM stdin;
3b68411a-ce1a-4a50-b9d1-45e901923a29	minisite-001	p1	{"Hidratación profunda",Antioxidante}	Crema ideal para piel seca con beneficios antioxidantes.	https://res.cloudinary.com/dwcrzwawj/image/upload/v1736331789/skincare-products-shelf-life-39c186d92ef24e3c8066c2b8db01868c_ye73bh.png	2025-01-15 22:33:40.815	2025-01-15 22:33:40.815
f6088d18-5f26-46d6-b07b-af84b6575e7d	minisite-001	p3	{Relajante,Calmante}	Aceite esencial perfecto para reducir el estrés y la ansiedad.	https://res.cloudinary.com/dwcrzwawj/image/upload/v1736331789/skincare-products-shelf-life-39c186d92ef24e3c8066c2b8db01868c_ye73bh.png	2025-01-15 22:33:40.815	2025-01-15 22:33:40.815
highlight-premium-001	minisite-premium	p1	{Lujo,Calidad}	Máxima calidad en tu rutina diaria	https://res.cloudinary.com/dwcrzwawj/image/upload/v1737207666/71tV_ED21GL_ogwjfx.jpg	2025-01-18 10:00:00	2025-01-18 10:00:00
highlight-premium-002	minisite-premium	p3	{Exclusivo,Inigualable}	Un serum único en el mercado	https://res.cloudinary.com/dwcrzwawj/image/upload/v1737207666/71tV_ED21GL_ogwjfx.jpg	2025-01-18 10:00:00	2025-01-18 10:00:00
highlight-001	minisite-001	p4	{Antioxidante,Rejuvenecedor}	Crema revitalizante con antioxidantes	https://res.cloudinary.com/dwcrzwawj/image/upload/v1737207666/71tV_ED21GL_ogwjfx.jpg	2025-01-19 10:00:00	2025-01-19 10:00:00
highlight-002	minisite-001	p6	{Nutritivo,Hidratante}	Mascarilla nutritiva con vitaminas esenciales	https://res.cloudinary.com/dwcrzwawj/image/upload/v1737207666/71tV_ED21GL_ogwjfx.jpg	2025-01-19 10:00:00	2025-01-19 10:00:00
\.


--
-- Data for Name: MinisiteOffer; Type: TABLE DATA; Schema: public; Owner: -
--

COPY public."MinisiteOffer" (id, "minisiteId", "sectionTitle", "createdAt", "updatedAt") FROM stdin;
offer-001	minisite-001	Ofertas exclusivas	2025-01-13 23:23:46.948	2025-01-13 23:23:46.948
offer-premium-001	minisite-premium	Ofertas de lujo	2025-01-18 10:00:00	2025-01-18 10:00:00
offer-intermedio-001	minisite-intermedio	Ofertas imperdibles	2025-01-18 10:00:00	2025-01-18 10:00:00
offer-basico-001	minisite-basico	Promociones simples	2025-01-18 10:00:00	2025-01-18 10:00:00
\.


--
-- Data for Name: MinisiteOfferProduct; Type: TABLE DATA; Schema: public; Owner: -
--

COPY public."MinisiteOfferProduct" (id, "offerId", title, description, "createdAt", "updatedAt") FROM stdin;
offer-product-001	offer-001	Tónico Facial Calmante	Calma la irritación con ingredientes naturales.	2025-01-13 23:23:46.948	2025-01-13 23:23:46.948
offer-product-002	offer-001	Aceite de Aromaterapia	Relájate y reduce el estrés con nuestra aromaterapia.	2025-01-13 23:23:46.948	2025-01-13 23:23:46.948
offer-product-premium-001	offer-premium-001	Crema Diamante	Disfruta la mejor crema con extracto de diamante	2025-01-18 10:00:00	2025-01-18 10:00:00
offer-product-premium-002	offer-premium-001	Serum Platino	Un serum con ingredientes de lujo	2025-01-18 10:00:00	2025-01-18 10:00:00
offer-product-intermedio-001	offer-intermedio-001	Crema Hidratante	Disfruta de hidratación profunda	2025-01-18 10:00:00	2025-01-18 10:00:00
offer-product-intermedio-002	offer-intermedio-001	Serum Regenerador	Renueva tu piel día a día	2025-01-18 10:00:00	2025-01-18 10:00:00
offer-product-basico-001	offer-basico-001	Crema Suave	Cuida tu piel de forma básica	2025-01-18 10:00:00	2025-01-18 10:00:00
offer-product-basico-002	offer-basico-001	Tónico Básico	Refresca y equilibra tu piel	2025-01-18 10:00:00	2025-01-18 10:00:00
\.


--
-- Data for Name: MinisiteSlide; Type: TABLE DATA; Schema: public; Owner: -
--

COPY public."MinisiteSlide" (id, "minisiteId", title, description, cta, "imageSrc", "order", "createdAt", "updatedAt") FROM stdin;
slide-001	minisite-001	Bienvenido a Aromaterapia	Descubre los beneficios de nuestros productos.	Saber más	https://res.cloudinary.com/dwcrzwawj/image/upload/v1735332035/12_apartologia_peque_gkmvrb.png	1	2025-01-13 23:23:46.948	2025-01-13 23:23:46.948
slide-002	minisite-001	Productos Destacados	Calidad garantizada para tu bienestar.	Ver productos	https://res.cloudinary.com/dwcrzwawj/image/upload/v1735332034/11_que_es_un_cosmetico_lider_uy08ij.jpg	2	2025-01-13 23:23:46.948	2025-01-13 23:23:46.948
slide-premium-001	minisite-premium	Bienvenido a Premium	Productos de alta calidad	Ver más	https://res.cloudinary.com/dwcrzwawj/image/upload/v1735332035/12_apartologia_peque_gkmvrb.png	1	2025-01-18 10:00:00	2025-01-18 10:00:00
slide-premium-002	minisite-premium	Innovación	Lleva tu cuidado personal al siguiente nivel	Comprar ahora	https://res.cloudinary.com/dwcrzwawj/image/upload/v1735332034/11_que_es_un_cosmetico_lider_uy08ij.jpg	2	2025-01-18 10:00:00	2025-01-18 10:00:00
slide-intermedio-001	minisite-intermedio	Bienvenido a Intermedio	Productos a precios accesibles	Ver más	https://res.cloudinary.com/dwcrzwawj/image/upload/v1735332035/12_apartologia_peque_gkmvrb.png	1	2025-01-18 10:00:00	2025-01-18 10:00:00
slide-intermedio-002	minisite-intermedio	Soluciones diarias	Cuida tu piel con nuestras fórmulas	Comprar	https://res.cloudinary.com/dwcrzwawj/image/upload/v1735332034/11_que_es_un_cosmetico_lider_uy08ij.jpg	2	2025-01-18 10:00:00	2025-01-18 10:00:00
slide-basico-001	minisite-basico	Bienvenido a Básico	Productos esenciales para tu día a día	Ver más	https://res.cloudinary.com/dwcrzwawj/image/upload/v1735332035/12_apartologia_peque_gkmvrb.png	1	2025-01-18 10:00:00	2025-01-18 10:00:00
slide-basico-002	minisite-basico	Eficiencia	Cuida tu piel con lo necesario	Comprar	https://res.cloudinary.com/dwcrzwawj/image/upload/v1735332034/11_que_es_un_cosmetico_lider_uy08ij.jpg	2	2025-01-18 10:00:00	2025-01-18 10:00:00
slide-004-001	minisite-company-004	Bienvenido a Nutrition Clinic	Especialistas en nutrición clínica y deportiva	Ver más	https://res.cloudinary.com/dwcrzwawj/image/upload/v1735332035/12_apartologia_peque_gkmvrb.png	1	2025-01-20 10:00:00	2025-01-20 10:00:00
slide-004-002	minisite-company-004	Cuida tu alimentación	Cursos y asesorías para una alimentación saludable	Comprar	https://res.cloudinary.com/dwcrzwawj/image/upload/v1735332034/11_que_es_un_cosmetico_lider_uy08ij.jpg	2	2025-01-20 10:00:00	2025-01-20 10:00:00
slide-005-001	minisite-company-005	Bienvenido a Aesthetic Professionals	Cursos y formaciones en estética avanzada.	Ver más	https://res.cloudinary.com/dwcrzwawj/image/upload/v1735332035/12_apartologia_peque_gkmvrb.png	1	2025-01-20 10:00:00	2025-01-20 10:00:00
slide-005-002	minisite-company-005	Calidad profesional	Aprende con instructores certificados.	Comprar	https://res.cloudinary.com/dwcrzwawj/image/upload/v1735332034/11_que_es_un_cosmetico_lider_uy08ij.jpg	2	2025-01-20 10:00:00	2025-01-20 10:00:00
slide-006-001	minisite-company-006	Bienvenido a Advanced Dermatology	Sociedad y asociación en dermatología clínica.	Ver más	https://res.cloudinary.com/dwcrzwawj/image/upload/v1735332035/12_apartologia_peque_gkmvrb.png	1	2025-01-20 10:00:00	2025-01-20 10:00:00
slide-006-002	minisite-company-006	Últimas técnicas	Mantente al día en dermatología avanzada	Comprar	https://res.cloudinary.com/dwcrzwawj/image/upload/v1735332034/11_que_es_un_cosmetico_lider_uy08ij.jpg	2	2025-01-20 10:00:00	2025-01-20 10:00:00
\.


--
-- Data for Name: MinisiteSpeciality; Type: TABLE DATA; Schema: public; Owner: -
--

COPY public."MinisiteSpeciality" (id, "minisiteId", "imageUrl", title, "createdAt", "updatedAt") FROM stdin;
spec-intermedio-001	minisite-intermedio	https://res.cloudinary.com/dwcrzwawj/image/upload/v1736331737/avacad-optimsed_pgfnun.jpg	Belleza integral	2025-01-18 10:00:00	2025-01-18 10:00:00
spec-intermedio-002	minisite-intermedio	https://res.cloudinary.com/dwcrzwawj/image/upload/v1736331684/Cosmetic-Bottle-03_cxroh1.jpg	Cuidados esenciales	2025-01-18 10:00:00	2025-01-18 10:00:00
spec-basico-001	minisite-basico	https://res.cloudinary.com/dwcrzwawj/image/upload/v1736331737/avacad-optimsed_pgfnun.jpg	Económico pero confiable	2025-01-18 10:00:00	2025-01-18 10:00:00
spec-basico-002	minisite-basico	https://res.cloudinary.com/dwcrzwawj/image/upload/v1736331684/Cosmetic-Bottle-03_cxroh1.jpg	Elementos esenciales	2025-01-18 10:00:00	2025-01-18 10:00:00
spec-004-001	minisite-company-004	https://res.cloudinary.com/dwcrzwawj/image/upload/v1736331737/avacad-optimsed_pgfnun.jpg	Nutrición integral	2025-01-20 10:00:00	2025-01-20 10:00:00
spec-004-002	minisite-company-004	https://res.cloudinary.com/dwcrzwawj/image/upload/v1736331684/Cosmetic-Bottle-03_cxroh1.jpg	Alimentación clínica	2025-01-20 10:00:00	2025-01-20 10:00:00
spec-005-001	minisite-company-005	https://res.cloudinary.com/dwcrzwawj/image/upload/v1736331737/avacad-optimsed_pgfnun.jpg	Cosmetología avanzada	2025-01-20 10:00:00	2025-01-20 10:00:00
spec-005-002	minisite-company-005	https://res.cloudinary.com/dwcrzwawj/image/upload/v1736331684/Cosmetic-Bottle-03_cxroh1.jpg	Técnicas estéticas	2025-01-20 10:00:00	2025-01-20 10:00:00
spec-006-001	minisite-company-006	https://res.cloudinary.com/dwcrzwawj/image/upload/v1736331737/avacad-optimsed_pgfnun.jpg	Dermatología clínica	2025-01-20 10:00:00	2025-01-20 10:00:00
spec-006-002	minisite-company-006	https://res.cloudinary.com/dwcrzwawj/image/upload/v1736331684/Cosmetic-Bottle-03_cxroh1.jpg	Tratamientos especializados	2025-01-20 10:00:00	2025-01-20 10:00:00
\.


--
-- Data for Name: PasswordReset; Type: TABLE DATA; Schema: public; Owner: -
--

COPY public."PasswordReset" (id, email, token, "createdAt", "expiresAt") FROM stdin;
1	gabhack@gmail.com	eyJhbGciOiJIUzI1NiIsInR5cCI6IkpXVCJ9.eyJlbWFpbCI6ImdhYmhhY2tAZ21haWwuY29tIiwiaWF0IjoxNzM0MzY4NDIyLCJleHAiOjE3MzQzNzIwMjJ9.SRrWHktV4Y8uilvhyuM4746C-u0l99dToYkzXoPEGxE	2024-12-16 17:00:22.146	2024-12-16 18:00:22.145
3	joaquin.elia@hotmail.com	eyJhbGciOiJIUzI1NiIsInR5cCI6IkpXVCJ9.eyJlbWFpbCI6ImpvYXF1aW4uZWxpYUBob3RtYWlsLmNvbSIsImlhdCI6MTc0MjA3MTQzNywiZXhwIjoxNzQyMDc1MDM3fQ.q8TN2gIJ5p-8DW0jerxEneUjePFpOhs7RtrNCusYwrY	2025-03-15 20:43:57.841	2025-03-15 21:43:57.84
4	joaquin.elia@hotmail.com	eyJhbGciOiJIUzI1NiIsInR5cCI6IkpXVCJ9.eyJlbWFpbCI6ImpvYXF1aW4uZWxpYUBob3RtYWlsLmNvbSIsImlhdCI6MTc0MjA3MTQ4MiwiZXhwIjoxNzQyMDc1MDgyfQ.tV0Yge6W8VF0JcFeZi7uZDlw1VbuCO2kXvaYUgn91zo	2025-03-15 20:44:42.532	2025-03-15 21:44:42.531
5	joaquin.elia@hotmail.com	eyJhbGciOiJIUzI1NiIsInR5cCI6IkpXVCJ9.eyJlbWFpbCI6ImpvYXF1aW4uZWxpYUBob3RtYWlsLmNvbSIsImlhdCI6MTc0MjA3MTUwNSwiZXhwIjoxNzQyMDc1MTA1fQ.l7WGjE-jc_6JUf0zF6FJkJTNpCFDohhgzSKNqKfsmjA	2025-03-15 20:45:05.29	2025-03-15 21:45:05.289
6	joaquin.elia@hotmail.com	eyJhbGciOiJIUzI1NiIsInR5cCI6IkpXVCJ9.eyJlbWFpbCI6ImpvYXF1aW4uZWxpYUBob3RtYWlsLmNvbSIsImlhdCI6MTc0MjA3MTUxOSwiZXhwIjoxNzQyMDc1MTE5fQ.Lyf_nC0u864JG79wqqFbKqXG4NUdAx6OqsNM-G-EwmI	2025-03-15 20:45:19.907	2025-03-15 21:45:19.906
7	joaquin.elia@hotmail.com	eyJhbGciOiJIUzI1NiIsInR5cCI6IkpXVCJ9.eyJlbWFpbCI6ImpvYXF1aW4uZWxpYUBob3RtYWlsLmNvbSIsImlhdCI6MTc0MjA3MTYzMiwiZXhwIjoxNzQyMDc1MjMyfQ.hCGgKk63MYuU0uIS6j86l3sHnznX6BjSkodyQw0fwyQ	2025-03-15 20:47:12.91	2025-03-15 21:47:12.909
8	joaquin.elia@hotmail.com	eyJhbGciOiJIUzI1NiIsInR5cCI6IkpXVCJ9.eyJlbWFpbCI6ImpvYXF1aW4uZWxpYUBob3RtYWlsLmNvbSIsImlhdCI6MTc0MjA3MTY2MywiZXhwIjoxNzQyMDc1MjYzfQ.hvrQK5kH4Y6e3eNZtPEo6Jr-OeP_8ZVRlr-SlJjSM8w	2025-03-15 20:47:43.149	2025-03-15 21:47:43.148
9	joaquin.elia@hotmail.com	eyJhbGciOiJIUzI1NiIsInR5cCI6IkpXVCJ9.eyJlbWFpbCI6ImpvYXF1aW4uZWxpYUBob3RtYWlsLmNvbSIsImlhdCI6MTc0MjA3MTcxMiwiZXhwIjoxNzQyMDc1MzEyfQ.-tZ22tRJ8TcdiDTTTFwqB2ukfK-FA6FKpFnjkbuzL7g	2025-03-15 20:48:32.145	2025-03-15 21:48:32.143
10	joaquin.elia@hotmail.com	eyJhbGciOiJIUzI1NiIsInR5cCI6IkpXVCJ9.eyJlbWFpbCI6ImpvYXF1aW4uZWxpYUBob3RtYWlsLmNvbSIsImlhdCI6MTc0MjA3MTc3MiwiZXhwIjoxNzQyMDc1MzcyfQ.m_axD2233F5GSLK9lnX8FzYbuoH60CP6ke6h49NCy_Q	2025-03-15 20:49:32.649	2025-03-15 21:49:32.644
11	joaquin.elia@hotmail.com	eyJhbGciOiJIUzI1NiIsInR5cCI6IkpXVCJ9.eyJlbWFpbCI6ImpvYXF1aW4uZWxpYUBob3RtYWlsLmNvbSIsImlhdCI6MTc0MjA3MTg0MywiZXhwIjoxNzQyMDc1NDQzfQ.7E4kSwaB4q74ax-z1tB1-oOBmwQHSt5SzOqq6oQcVQE	2025-03-15 20:50:43.699	2025-03-15 21:50:43.698
12	joaquin.elia@hotmail.com	eyJhbGciOiJIUzI1NiIsInR5cCI6IkpXVCJ9.eyJlbWFpbCI6ImpvYXF1aW4uZWxpYUBob3RtYWlsLmNvbSIsImlhdCI6MTc0MjA3MTkyMCwiZXhwIjoxNzQyMDc1NTIwfQ.jy1AppE80em-PKk9QXneiQ6PTFhEVjfpDO2rVVesRQ8	2025-03-15 20:52:00.296	2025-03-15 21:52:00.29
13	j@j.co	eyJhbGciOiJIUzI1NiIsInR5cCI6IkpXVCJ9.eyJlbWFpbCI6ImpAai5jbyIsImlhdCI6MTc0MjA3MjAyNiwiZXhwIjoxNzQyMDc1NjI2fQ.PvIUFpFYPk4Ji-9vpWpoDXl2LxgZK8HTYtbfI0_rxSE	2025-03-15 20:53:46.185	2025-03-15 21:53:46.184
14	joaco.elia9@gmail.com	eyJhbGciOiJIUzI1NiIsInR5cCI6IkpXVCJ9.eyJlbWFpbCI6ImpvYWNvLmVsaWE5QGdtYWlsLmNvbSIsImlhdCI6MTc0MjA3NjUwMSwiZXhwIjoxNzQyMDgwMTAxfQ.6a7_Hrxet8NvHvOvcIhE3y9KuLhYLf-JqC90V2oKdeg	2025-03-15 22:08:21.617	2025-03-15 23:08:21.616
\.


--
-- Data for Name: Presentation; Type: TABLE DATA; Schema: public; Owner: -
--

COPY public."Presentation" (id, "productId", size, unit, description, price, "createdAt", "updatedAt") FROM stdin;
1	p1	50.000000000000000000000000000000	ML	Envase pequeño	9.99	2025-01-08 11:11:20.678	2025-01-08 11:11:20.678
2	p1	100.000000000000000000000000000000	ML	Envase mediano	14.99	2025-01-08 11:11:20.678	2025-01-08 11:11:20.678
3	p2	200.000000000000000000000000000000	G	Tubo familiar	19.99	2025-01-08 11:11:20.678	2025-01-08 11:11:20.678
4	p3	30.000000000000000000000000000000	ML	Botella pequeña	12.99	2025-01-08 11:11:20.678	2025-01-08 11:11:20.678
5	p4	50.000000000000000000000000000000	ML	Crema estándar	15.99	2025-01-08 11:11:20.678	2025-01-08 11:11:20.678
6	p5	200.000000000000000000000000000000	ML	Tónico grande	22.99	2025-01-08 11:11:20.678	2025-01-08 11:11:20.678
7	p6	100.000000000000000000000000000000	ML	Mascarilla compacta	18.99	2025-01-08 11:11:20.678	2025-01-08 11:11:20.678
8	p7	30.000000000000000000000000000000	ML	Serum concentrado	29.99	2025-01-08 11:11:20.678	2025-01-08 11:11:20.678
9	p8	50.000000000000000000000000000000	ML	Crema regeneradora	24.99	2025-01-08 11:11:20.678	2025-01-08 11:11:20.678
10	p9	100.000000000000000000000000000000	ML	Protector solar	19.99	2025-01-08 11:11:20.678	2025-01-08 11:11:20.678
11	p10	200.000000000000000000000000000000	ML	Gel relajante	20.99	2025-01-08 11:11:20.678	2025-01-08 11:11:20.678
12	p11	100.000000000000000000000000000000	ML	Aceite terapéutico	17.99	2025-01-08 11:11:20.678	2025-01-08 11:11:20.678
13	p12	150.000000000000000000000000000000	ML	Loción activadora	21.99	2025-01-08 11:11:20.678	2025-01-08 11:11:20.678
\.


--
-- Data for Name: Resource; Type: TABLE DATA; Schema: public; Owner: -
--

COPY public."Resource" (id, "courseId", url, "createdAt", "updatedAt") FROM stdin;
\.


--
-- Data for Name: Session; Type: TABLE DATA; Schema: public; Owner: -
--

COPY public."Session" (id, "sessionToken", "userId", expires, "createdAt", "updatedAt") FROM stdin;
\.


--
-- Data for Name: Transaction; Type: TABLE DATA; Schema: public; Owner: -
--

COPY public."Transaction" (id, "stripePaymentIntentId", "stripeCheckoutSessionId", status, amount, currency, "userId", "courseId", "createdAt", "updatedAt", "responseData", description, "invoiceId") FROM stdin;
cm56u7hi10000lq5t283dq1ox	pi_3QaeM7GpVwhT9fv01nbmbFsU	cs_test_a1gish7DNk9JpbhE8mpNmVJDkRLp0aYCmjWkxXA4fpuEO8KZ3AvF0z8JAT	complete	180	usd	user-001	4f8b2d5c-c302-4e69-b9df-b676c3b5c99f	2024-12-27 14:17:36.6	2024-12-27 14:17:36.6	{"id": "cs_test_a1gish7DNk9JpbhE8mpNmVJDkRLp0aYCmjWkxXA4fpuEO8KZ3AvF0z8JAT", "url": null, "mode": "payment", "locale": null, "object": "checkout.session", "status": "complete", "consent": null, "created": 1735309039, "invoice": null, "ui_mode": "hosted", "currency": "usd", "customer": null, "livemode": false, "metadata": {"userId": "user-001", "courseId": "4f8b2d5c-c302-4e69-b9df-b676c3b5c99f"}, "cancel_url": "http://localhost:3001/payment/cancel", "expires_at": 1735395439, "custom_text": {"submit": null, "after_submit": null, "shipping_address": null, "terms_of_service_acceptance": null}, "submit_type": null, "success_url": "http://localhost:3001/payment/success", "amount_total": 18000, "payment_link": null, "setup_intent": null, "subscription": null, "automatic_tax": {"status": null, "enabled": false, "liability": null}, "client_secret": null, "custom_fields": [], "shipping_cost": null, "total_details": {"amount_tax": 0, "amount_discount": 0, "amount_shipping": 0}, "customer_email": "joaquin.elia@hotmail.com", "payment_intent": "pi_3QaeM7GpVwhT9fv01nbmbFsU", "payment_status": "paid", "recovered_from": null, "amount_subtotal": 18000, "adaptive_pricing": {"enabled": false}, "after_expiration": null, "customer_details": {"name": "jairo", "email": "joaquin.elia@hotmail.com", "phone": null, "address": {"city": null, "line1": null, "line2": null, "state": null, "country": "CO", "postal_code": null}, "tax_ids": [], "tax_exempt": "none"}, "invoice_creation": {"enabled": false, "invoice_data": {"footer": null, "issuer": null, "metadata": {}, "description": null, "custom_fields": null, "account_tax_ids": null, "rendering_options": null}}, "shipping_details": null, "shipping_options": [], "customer_creation": "if_required", "consent_collection": null, "client_reference_id": null, "currency_conversion": null, "payment_method_types": ["card"], "allow_promotion_codes": null, "payment_method_options": {"card": {"request_three_d_secure": "automatic"}}, "phone_number_collection": {"enabled": false}, "payment_method_collection": "if_required", "billing_address_collection": null, "shipping_address_collection": null, "saved_payment_method_options": null, "payment_method_configuration_details": null}	\N	\N
cm56u9rtl0003lq5tw49dcrcv	pi_3QaeNpGpVwhT9fv010tv92ZK	cs_test_a1ozV04Q3PYdknspY76Y81PkSbdgh13TqQd3d9oLTM0EgF1EOy3OpXGUJs	complete	180	usd	user-001	4f8b2d5c-c302-4e69-b9df-b676c3b5c99f	2024-12-27 14:19:23.281	2024-12-27 14:19:23.281	{"id": "cs_test_a1ozV04Q3PYdknspY76Y81PkSbdgh13TqQd3d9oLTM0EgF1EOy3OpXGUJs", "url": null, "mode": "payment", "locale": null, "object": "checkout.session", "status": "complete", "consent": null, "created": 1735309142, "invoice": null, "ui_mode": "hosted", "currency": "usd", "customer": null, "livemode": false, "metadata": {"userId": "user-001", "courseId": "4f8b2d5c-c302-4e69-b9df-b676c3b5c99f"}, "cancel_url": "http://localhost:3001/payment/cancel", "expires_at": 1735395542, "custom_text": {"submit": null, "after_submit": null, "shipping_address": null, "terms_of_service_acceptance": null}, "submit_type": null, "success_url": "http://localhost:3001/payment/success", "amount_total": 18000, "payment_link": null, "setup_intent": null, "subscription": null, "automatic_tax": {"status": null, "enabled": false, "liability": null}, "client_secret": null, "custom_fields": [], "shipping_cost": null, "total_details": {"amount_tax": 0, "amount_discount": 0, "amount_shipping": 0}, "customer_email": "joaquin.elia@hotmail.com", "payment_intent": "pi_3QaeNpGpVwhT9fv010tv92ZK", "payment_status": "paid", "recovered_from": null, "amount_subtotal": 18000, "adaptive_pricing": {"enabled": false}, "after_expiration": null, "customer_details": {"name": "jairo", "email": "joaquin.elia@hotmail.com", "phone": null, "address": {"city": null, "line1": null, "line2": null, "state": null, "country": "CO", "postal_code": null}, "tax_ids": [], "tax_exempt": "none"}, "invoice_creation": {"enabled": false, "invoice_data": {"footer": null, "issuer": null, "metadata": {}, "description": null, "custom_fields": null, "account_tax_ids": null, "rendering_options": null}}, "shipping_details": null, "shipping_options": [], "customer_creation": "if_required", "consent_collection": null, "client_reference_id": null, "currency_conversion": null, "payment_method_types": ["card"], "allow_promotion_codes": null, "payment_method_options": {"card": {"request_three_d_secure": "automatic"}}, "phone_number_collection": {"enabled": false}, "payment_method_collection": "if_required", "billing_address_collection": null, "shipping_address_collection": null, "saved_payment_method_options": null, "payment_method_configuration_details": null}	\N	\N
cm56v80vl0006lq5t6zw0g7ks	pi_3QaencGpVwhT9fv01xUbYd8g	cs_test_a1j9yiyAq0Z9kUks3xJCJZc7Smh342HN8GY8SSrw8mg2hdROXkF6syG5Hq	complete	150	usd	cm4sths4i0008g1865nsbbh1l	9ab937f0-54c5-4cae-b544-25137c4fd1de	2024-12-27 14:46:01.324	2024-12-27 14:46:01.324	{"id": "cs_test_a1j9yiyAq0Z9kUks3xJCJZc7Smh342HN8GY8SSrw8mg2hdROXkF6syG5Hq", "url": null, "mode": "payment", "locale": null, "object": "checkout.session", "status": "complete", "consent": null, "created": 1735310732, "invoice": null, "ui_mode": "hosted", "currency": "usd", "customer": null, "livemode": false, "metadata": {"userId": "cm4sths4i0008g1865nsbbh1l", "courseId": "9ab937f0-54c5-4cae-b544-25137c4fd1de"}, "cancel_url": "https://frontend-macro-estetica-pearl.vercel.app/payment/cancel", "expires_at": 1735397132, "custom_text": {"submit": null, "after_submit": null, "shipping_address": null, "terms_of_service_acceptance": null}, "submit_type": null, "success_url": "https://frontend-macro-estetica-pearl.vercel.app/payment/success", "amount_total": 15000, "payment_link": null, "setup_intent": null, "subscription": null, "automatic_tax": {"status": null, "enabled": false, "liability": null}, "client_secret": null, "custom_fields": [], "shipping_cost": null, "total_details": {"amount_tax": 0, "amount_discount": 0, "amount_shipping": 0}, "customer_email": "joaquin.elia@hotmail.com", "payment_intent": "pi_3QaencGpVwhT9fv01xUbYd8g", "payment_status": "paid", "recovered_from": null, "amount_subtotal": 15000, "adaptive_pricing": {"enabled": false}, "after_expiration": null, "customer_details": {"name": "Nahuel", "email": "joaquin.elia@hotmail.com", "phone": null, "address": {"city": null, "line1": null, "line2": null, "state": null, "country": "AR", "postal_code": null}, "tax_ids": [], "tax_exempt": "none"}, "invoice_creation": {"enabled": false, "invoice_data": {"footer": null, "issuer": null, "metadata": {}, "description": null, "custom_fields": null, "account_tax_ids": null, "rendering_options": null}}, "shipping_details": null, "shipping_options": [], "customer_creation": "if_required", "consent_collection": null, "client_reference_id": null, "currency_conversion": null, "payment_method_types": ["card"], "allow_promotion_codes": null, "payment_method_options": {"card": {"request_three_d_secure": "automatic"}}, "phone_number_collection": {"enabled": false}, "payment_method_collection": "if_required", "billing_address_collection": null, "shipping_address_collection": null, "saved_payment_method_options": null, "payment_method_configuration_details": null}	\N	\N
cm56x1j9j0002mnll0zpyc6y0	pi_3QafatGpVwhT9fv018L44yqp	cs_test_a1gVhFfrGckNR17OKxR5YzfoZp29cjDlh3i5oS2yDC4rjM8y58cZKOoYX3	complete	180	usd	user-001	4f8b2d5c-c302-4e69-b9df-b676c3b5c99f	2024-12-27 15:36:57.798	2024-12-27 15:36:57.798	{"id": "cs_test_a1gVhFfrGckNR17OKxR5YzfoZp29cjDlh3i5oS2yDC4rjM8y58cZKOoYX3", "url": null, "mode": "payment", "locale": null, "object": "checkout.session", "status": "complete", "consent": null, "created": 1735313798, "invoice": null, "ui_mode": "hosted", "currency": "usd", "customer": null, "livemode": false, "metadata": {"userId": "user-001", "courseId": "4f8b2d5c-c302-4e69-b9df-b676c3b5c99f"}, "cancel_url": "http://localhost:3001/payment/cancel", "expires_at": 1735400198, "custom_text": {"submit": null, "after_submit": null, "shipping_address": null, "terms_of_service_acceptance": null}, "submit_type": null, "success_url": "http://localhost:3001/payment/success", "amount_total": 18000, "payment_link": null, "setup_intent": null, "subscription": null, "automatic_tax": {"status": null, "enabled": false, "liability": null}, "client_secret": null, "custom_fields": [], "shipping_cost": null, "total_details": {"amount_tax": 0, "amount_discount": 0, "amount_shipping": 0}, "customer_email": "joaquin.elia@hotmail.com", "payment_intent": "pi_3QafatGpVwhT9fv018L44yqp", "payment_status": "paid", "recovered_from": null, "amount_subtotal": 18000, "adaptive_pricing": {"enabled": false}, "after_expiration": null, "customer_details": {"name": "jairo", "email": "joaquin.elia@hotmail.com", "phone": null, "address": {"city": null, "line1": null, "line2": null, "state": null, "country": "CO", "postal_code": null}, "tax_ids": [], "tax_exempt": "none"}, "invoice_creation": {"enabled": false, "invoice_data": {"footer": null, "issuer": null, "metadata": {}, "description": null, "custom_fields": null, "account_tax_ids": null, "rendering_options": null}}, "shipping_details": null, "shipping_options": [], "customer_creation": "if_required", "consent_collection": null, "client_reference_id": null, "currency_conversion": null, "payment_method_types": ["card"], "allow_promotion_codes": null, "payment_method_options": {"card": {"request_three_d_secure": "automatic"}}, "phone_number_collection": {"enabled": false}, "payment_method_collection": "if_required", "billing_address_collection": null, "shipping_address_collection": null, "saved_payment_method_options": null, "payment_method_configuration_details": null}	\N	\N
cm573sqf300001279akvm01tr	pi_3QaiXvGpVwhT9fv01ZtPp8Rg	cs_test_a1nHdOueQRdLI5HBjcZButKAgc2TGooXzLwSmUEuswedXLtu7RuP0YDFcX	complete	180	usd	user-001	4f8b2d5c-c302-4e69-b9df-b676c3b5c99f	2024-12-27 18:46:04.333	2024-12-27 18:46:04.333	{"id": "cs_test_a1nHdOueQRdLI5HBjcZButKAgc2TGooXzLwSmUEuswedXLtu7RuP0YDFcX", "url": null, "mode": "payment", "locale": null, "object": "checkout.session", "status": "complete", "consent": null, "created": 1735325134, "invoice": null, "ui_mode": "hosted", "currency": "usd", "customer": null, "livemode": false, "metadata": {"userId": "user-001", "courseId": "4f8b2d5c-c302-4e69-b9df-b676c3b5c99f", "checkoutSessionId": "cs_test_a1nHdOueQRdLI5HBjcZButKAgc2TGooXzLwSmUEuswedXLtu7RuP0YDFcX"}, "cancel_url": "http://localhost:3001/payment/cancel", "expires_at": 1735411534, "custom_text": {"submit": null, "after_submit": null, "shipping_address": null, "terms_of_service_acceptance": null}, "submit_type": null, "success_url": "http://localhost:3001/payment/success", "amount_total": 18000, "payment_link": null, "setup_intent": null, "subscription": null, "automatic_tax": {"status": null, "enabled": false, "liability": null}, "client_secret": null, "custom_fields": [], "shipping_cost": null, "total_details": {"amount_tax": 0, "amount_discount": 0, "amount_shipping": 0}, "customer_email": "joaquin.elia@hotmail.com", "payment_intent": "pi_3QaiXvGpVwhT9fv01ZtPp8Rg", "payment_status": "paid", "recovered_from": null, "amount_subtotal": 18000, "adaptive_pricing": {"enabled": false}, "after_expiration": null, "customer_details": {"name": "jairo gabriel", "email": "joaquin.elia@hotmail.com", "phone": null, "address": {"city": null, "line1": null, "line2": null, "state": null, "country": "CO", "postal_code": null}, "tax_ids": [], "tax_exempt": "none"}, "invoice_creation": {"enabled": false, "invoice_data": {"footer": null, "issuer": null, "metadata": {}, "description": null, "custom_fields": null, "account_tax_ids": null, "rendering_options": null}}, "shipping_details": null, "shipping_options": [], "customer_creation": "if_required", "consent_collection": null, "client_reference_id": null, "currency_conversion": null, "payment_method_types": ["card"], "allow_promotion_codes": null, "payment_method_options": {"card": {"request_three_d_secure": "automatic"}}, "phone_number_collection": {"enabled": false}, "payment_method_collection": "if_required", "billing_address_collection": null, "shipping_address_collection": null, "saved_payment_method_options": null, "payment_method_configuration_details": null}	\N	\N
cm574p9py0000blm1n4njoj5p	pi_3QaiwMGpVwhT9fv01Lcr0FBw	\N	paid	15	usd	\N	\N	2024-12-27 19:11:22.354	2024-12-27 19:11:22.354	{"id": "in_1QaiwMGpVwhT9fv0vYwlvF29", "tax": null, "paid": true, "lines": {"url": "/v1/invoices/in_1QaiwMGpVwhT9fv0vYwlvF29/lines", "data": [{"id": "il_1QaiwMGpVwhT9fv04bWdzxAm", "plan": {"id": "price_1QaiwLGpVwhT9fv01UcBQf2h", "meter": null, "active": true, "amount": 1500, "object": "plan", "created": 1735326677, "product": "prod_RTgIAe4bplzNgr", "currency": "usd", "interval": "month", "livemode": false, "metadata": {}, "nickname": null, "tiers_mode": null, "usage_type": "licensed", "amount_decimal": "1500", "billing_scheme": "per_unit", "interval_count": 1, "aggregate_usage": null, "transform_usage": null, "trial_period_days": null}, "type": "subscription", "price": {"id": "price_1QaiwLGpVwhT9fv01UcBQf2h", "type": "recurring", "active": true, "object": "price", "created": 1735326677, "product": "prod_RTgIAe4bplzNgr", "currency": "usd", "livemode": false, "metadata": {}, "nickname": null, "recurring": {"meter": null, "interval": "month", "usage_type": "licensed", "interval_count": 1, "aggregate_usage": null, "trial_period_days": null}, "lookup_key": null, "tiers_mode": null, "unit_amount": 1500, "tax_behavior": "unspecified", "billing_scheme": "per_unit", "custom_unit_amount": null, "transform_quantity": null, "unit_amount_decimal": "1500"}, "amount": 1500, "object": "line_item", "period": {"end": 1738005078, "start": 1735326678}, "invoice": "in_1QaiwMGpVwhT9fv0vYwlvF29", "currency": "usd", "livemode": false, "metadata": {}, "quantity": 1, "discounts": [], "proration": false, "tax_rates": [], "description": "1 × myproduct (at $15.00 / month)", "tax_amounts": [], "discountable": true, "subscription": "sub_1QaiwMGpVwhT9fv0lN9IV4pN", "discount_amounts": [], "proration_details": {"credited_items": null}, "subscription_item": "si_RTgIocQkTm7O2s", "amount_excluding_tax": 1500, "pretax_credit_amounts": [], "unit_amount_excluding_tax": "1500"}], "object": "list", "has_more": false, "total_count": 1}, "quote": null, "total": 1500, "charge": "ch_3QaiwMGpVwhT9fv01jNqIfHW", "footer": null, "issuer": {"type": "self"}, "number": "582F7E0B-0001", "object": "invoice", "status": "paid", "created": 1735326678, "currency": "usd", "customer": "cus_RTgIzKGHPgqbbD", "discount": null, "due_date": null, "livemode": false, "metadata": {}, "subtotal": 1500, "attempted": true, "discounts": [], "rendering": null, "amount_due": 1500, "period_end": 1735326678, "test_clock": null, "amount_paid": 1500, "application": null, "description": null, "invoice_pdf": "https://pay.stripe.com/invoice/acct_1QP74lGpVwhT9fv0/test_YWNjdF8xUVA3NGxHcFZ3aFQ5ZnYwLF9SVGdJd2d4eGg3RDdmSU9XZGRqQ2d0aEgySmlYMEpaLDEyNTg2NzQ4MQ0200N3BYOHQ4/pdf?s=ap", "account_name": "Macroestetica", "auto_advance": false, "effective_at": 1735326678, "from_invoice": null, "on_behalf_of": null, "period_start": 1735326678, "subscription": "sub_1QaiwMGpVwhT9fv0lN9IV4pN", "attempt_count": 1, "automatic_tax": {"status": null, "enabled": false, "liability": null, "disabled_reason": null}, "custom_fields": null, "customer_name": null, "shipping_cost": null, "transfer_data": null, "billing_reason": "subscription_create", "customer_email": null, "customer_phone": null, "default_source": null, "ending_balance": 0, "payment_intent": "pi_3QaiwMGpVwhT9fv01Lcr0FBw", "receipt_number": null, "account_country": "MX", "account_tax_ids": null, "amount_shipping": 0, "latest_revision": null, "amount_remaining": 0, "customer_address": null, "customer_tax_ids": [], "paid_out_of_band": false, "payment_settings": {"default_mandate": null, "payment_method_types": null, "payment_method_options": null}, "shipping_details": null, "starting_balance": 0, "collection_method": "charge_automatically", "customer_shipping": null, "default_tax_rates": [], "total_tax_amounts": [], "hosted_invoice_url": "https://invoice.stripe.com/i/acct_1QP74lGpVwhT9fv0/test_YWNjdF8xUVA3NGxHcFZ3aFQ5ZnYwLF9SVGdJd2d4eGg3RDdmSU9XZGRqQ2d0aEgySmlYMEpaLDEyNTg2NzQ4MQ0200N3BYOHQ4?s=ap", "status_transitions": {"paid_at": 1735326678, "voided_at": null, "finalized_at": 1735326678, "marked_uncollectible_at": null}, "customer_tax_exempt": "none", "total_excluding_tax": 1500, "next_payment_attempt": null, "statement_descriptor": null, "subscription_details": {"metadata": {}}, "webhooks_delivered_at": null, "application_fee_amount": null, "default_payment_method": null, "subtotal_excluding_tax": 1500, "total_discount_amounts": [], "last_finalization_error": null, "automatically_finalizes_at": null, "total_pretax_credit_amounts": [], "pre_payment_credit_notes_amount": 0, "post_payment_credit_notes_amount": 0}	\N	\N
cm574t7jx0001blm1seotsrc7	\N	cs_test_a1tcm53BnXIRz9qpRG5ucM19SvdcF7C5x3vTTQlJVqKT7rdYX8hH1KcB90	complete	12	usd	user-001	\N	2024-12-27 19:14:26.168	2024-12-27 19:14:26.168	{"id": "cs_test_a1tcm53BnXIRz9qpRG5ucM19SvdcF7C5x3vTTQlJVqKT7rdYX8hH1KcB90", "url": null, "mode": "subscription", "locale": null, "object": "checkout.session", "status": "complete", "consent": null, "created": 1735326724, "invoice": "in_1QaizLGpVwhT9fv0GjKS48b2", "ui_mode": "hosted", "currency": "usd", "customer": "cus_RTgMyBJMwDk4gA", "livemode": false, "metadata": {"userId": "user-001", "empresaId": "company-001", "subscriptionType": "PLATA", "checkoutSessionId": "cs_test_a1tcm53BnXIRz9qpRG5ucM19SvdcF7C5x3vTTQlJVqKT7rdYX8hH1KcB90"}, "cancel_url": "http://localhost:3001/subscription/cancel", "expires_at": 1735413124, "custom_text": {"submit": null, "after_submit": null, "shipping_address": null, "terms_of_service_acceptance": null}, "submit_type": null, "success_url": "http://localhost:3001/subscription/success", "amount_total": 1200, "payment_link": null, "setup_intent": null, "subscription": "sub_1QaizLGpVwhT9fv0VuseEfh7", "automatic_tax": {"status": null, "enabled": false, "liability": null}, "client_secret": null, "custom_fields": [], "shipping_cost": null, "total_details": {"amount_tax": 0, "amount_discount": 0, "amount_shipping": 0}, "customer_email": "joaquin.elia@hotmail.com", "payment_intent": null, "payment_status": "paid", "recovered_from": null, "amount_subtotal": 1200, "adaptive_pricing": null, "after_expiration": null, "customer_details": {"name": "jairo", "email": "joaquin.elia@hotmail.com", "phone": null, "address": {"city": null, "line1": null, "line2": null, "state": null, "country": "CO", "postal_code": null}, "tax_ids": [], "tax_exempt": "none"}, "invoice_creation": null, "shipping_details": null, "shipping_options": [], "customer_creation": "always", "consent_collection": null, "client_reference_id": null, "currency_conversion": null, "payment_method_types": ["card"], "allow_promotion_codes": null, "payment_method_options": {"card": {"request_three_d_secure": "automatic"}}, "phone_number_collection": {"enabled": false}, "payment_method_collection": "always", "billing_address_collection": null, "shipping_address_collection": null, "saved_payment_method_options": {"payment_method_save": null, "payment_method_remove": null, "allow_redisplay_filters": ["always"]}, "payment_method_configuration_details": null}	\N	\N
cm574t8tn0004blm176mq5qt5	pi_3QaizLGpVwhT9fv00Km3kJdE	\N	paid	12	usd	\N	\N	2024-12-27 19:14:27.947	2024-12-27 19:14:27.947	{"id": "in_1QaizLGpVwhT9fv0GjKS48b2", "tax": null, "paid": true, "lines": {"url": "/v1/invoices/in_1QaizLGpVwhT9fv0GjKS48b2/lines", "data": [{"id": "il_1QaizLGpVwhT9fv09EI6CB69", "plan": {"id": "price_1Qaix6GpVwhT9fv0rprMDhf4", "meter": null, "active": false, "amount": 1200, "object": "plan", "created": 1735326724, "product": "prod_RTL42bdAIS1Y24", "currency": "usd", "interval": "month", "livemode": false, "metadata": {}, "nickname": null, "tiers_mode": null, "usage_type": "licensed", "amount_decimal": "1200", "billing_scheme": "per_unit", "interval_count": 1, "aggregate_usage": null, "transform_usage": null, "trial_period_days": null}, "type": "subscription", "price": {"id": "price_1Qaix6GpVwhT9fv0rprMDhf4", "type": "recurring", "active": false, "object": "price", "created": 1735326724, "product": "prod_RTL42bdAIS1Y24", "currency": "usd", "livemode": false, "metadata": {}, "nickname": null, "recurring": {"meter": null, "interval": "month", "usage_type": "licensed", "interval_count": 1, "aggregate_usage": null, "trial_period_days": null}, "lookup_key": null, "tiers_mode": null, "unit_amount": 1200, "tax_behavior": "unspecified", "billing_scheme": "per_unit", "custom_unit_amount": null, "transform_quantity": null, "unit_amount_decimal": "1200"}, "amount": 1200, "object": "line_item", "period": {"end": 1738005263, "start": 1735326863}, "invoice": "in_1QaizLGpVwhT9fv0GjKS48b2", "currency": "usd", "livemode": false, "metadata": {}, "quantity": 1, "discounts": [], "proration": false, "tax_rates": [], "description": "1 × Suscripción PLATA (at $12.00 / month)", "tax_amounts": [], "discountable": true, "subscription": "sub_1QaizLGpVwhT9fv0VuseEfh7", "discount_amounts": [], "proration_details": {"credited_items": null}, "subscription_item": "si_RTgMhvEInpVfV0", "amount_excluding_tax": 1200, "pretax_credit_amounts": [], "unit_amount_excluding_tax": "1200"}], "object": "list", "has_more": false, "total_count": 1}, "quote": null, "total": 1200, "charge": "ch_3QaizLGpVwhT9fv00zzNEXAb", "footer": null, "issuer": {"type": "self"}, "number": "9E47CE13-0001", "object": "invoice", "status": "paid", "created": 1735326863, "currency": "usd", "customer": "cus_RTgMyBJMwDk4gA", "discount": null, "due_date": null, "livemode": false, "metadata": {}, "subtotal": 1200, "attempted": true, "discounts": [], "rendering": null, "amount_due": 1200, "period_end": 1735326863, "test_clock": null, "amount_paid": 1200, "application": null, "description": null, "invoice_pdf": "https://pay.stripe.com/invoice/acct_1QP74lGpVwhT9fv0/test_YWNjdF8xUVA3NGxHcFZ3aFQ5ZnYwLF9SVGdNZVk5bmtEeFlCVkRGeEk1V1hveHpXME45eUhNLDEyNTg2NzY2Ng0200JixgNDFQ/pdf?s=ap", "account_name": "Macroestetica", "auto_advance": false, "effective_at": 1735326863, "from_invoice": null, "on_behalf_of": null, "period_start": 1735326863, "subscription": "sub_1QaizLGpVwhT9fv0VuseEfh7", "attempt_count": 1, "automatic_tax": {"status": null, "enabled": false, "liability": null, "disabled_reason": null}, "custom_fields": null, "customer_name": "jairo", "shipping_cost": null, "transfer_data": null, "billing_reason": "subscription_create", "customer_email": "joaquin.elia@hotmail.com", "customer_phone": null, "default_source": null, "ending_balance": 0, "payment_intent": "pi_3QaizLGpVwhT9fv00Km3kJdE", "receipt_number": null, "account_country": "MX", "account_tax_ids": null, "amount_shipping": 0, "latest_revision": null, "amount_remaining": 0, "customer_address": {"city": null, "line1": null, "line2": null, "state": null, "country": "CO", "postal_code": null}, "customer_tax_ids": [], "paid_out_of_band": false, "payment_settings": {"default_mandate": null, "payment_method_types": null, "payment_method_options": {"card": {"request_three_d_secure": "automatic"}, "konbini": null, "acss_debit": null, "bancontact": null, "sepa_debit": null, "us_bank_account": null, "customer_balance": null}}, "shipping_details": null, "starting_balance": 0, "collection_method": "charge_automatically", "customer_shipping": null, "default_tax_rates": [], "total_tax_amounts": [], "hosted_invoice_url": "https://invoice.stripe.com/i/acct_1QP74lGpVwhT9fv0/test_YWNjdF8xUVA3NGxHcFZ3aFQ5ZnYwLF9SVGdNZVk5bmtEeFlCVkRGeEk1V1hveHpXME45eUhNLDEyNTg2NzY2Ng0200JixgNDFQ?s=ap", "status_transitions": {"paid_at": 1735326865, "voided_at": null, "finalized_at": 1735326863, "marked_uncollectible_at": null}, "customer_tax_exempt": "none", "total_excluding_tax": 1200, "next_payment_attempt": null, "statement_descriptor": null, "subscription_details": {"metadata": {}}, "webhooks_delivered_at": null, "application_fee_amount": null, "default_payment_method": null, "subtotal_excluding_tax": 1200, "total_discount_amounts": [], "last_finalization_error": null, "automatically_finalizes_at": null, "total_pretax_credit_amounts": [], "pre_payment_credit_notes_amount": 0, "post_payment_credit_notes_amount": 0}	\N	\N
cm574worl0000eyjg8pb999yu	\N	cs_test_a1rVcDxRFvZLcs3gIGFMGzYGd6ryU8Q43ZOvA7CVehoyuWTiGGBTO3ogEe	complete	12	usd	user-001	\N	2024-12-27 19:17:08.575	2024-12-27 19:17:08.575	{"id": "cs_test_a1rVcDxRFvZLcs3gIGFMGzYGd6ryU8Q43ZOvA7CVehoyuWTiGGBTO3ogEe", "url": null, "mode": "subscription", "locale": null, "object": "checkout.session", "status": "complete", "consent": null, "created": 1735326982, "invoice": "in_1Qaj1xGpVwhT9fv08nZu8t0A", "ui_mode": "hosted", "currency": "usd", "customer": "cus_RTgOvyFA9WusPB", "livemode": false, "metadata": {"userId": "user-001", "empresaId": "company-001", "subscriptionType": "PLATA", "checkoutSessionId": "cs_test_a1rVcDxRFvZLcs3gIGFMGzYGd6ryU8Q43ZOvA7CVehoyuWTiGGBTO3ogEe"}, "cancel_url": "http://localhost:3001/subscription/cancel", "expires_at": 1735413382, "custom_text": {"submit": null, "after_submit": null, "shipping_address": null, "terms_of_service_acceptance": null}, "submit_type": null, "success_url": "http://localhost:3001/subscription/success", "amount_total": 1200, "payment_link": null, "setup_intent": null, "subscription": "sub_1Qaj1xGpVwhT9fv0o9JRUXpC", "automatic_tax": {"status": null, "enabled": false, "liability": null}, "client_secret": null, "custom_fields": [], "shipping_cost": null, "total_details": {"amount_tax": 0, "amount_discount": 0, "amount_shipping": 0}, "customer_email": "joaquin.elia@hotmail.com", "payment_intent": null, "payment_status": "paid", "recovered_from": null, "amount_subtotal": 1200, "adaptive_pricing": null, "after_expiration": null, "customer_details": {"name": "jairo", "email": "joaquin.elia@hotmail.com", "phone": null, "address": {"city": null, "line1": null, "line2": null, "state": null, "country": "CO", "postal_code": null}, "tax_ids": [], "tax_exempt": "none"}, "invoice_creation": null, "shipping_details": null, "shipping_options": [], "customer_creation": "always", "consent_collection": null, "client_reference_id": null, "currency_conversion": null, "payment_method_types": ["card"], "allow_promotion_codes": null, "payment_method_options": {"card": {"request_three_d_secure": "automatic"}}, "phone_number_collection": {"enabled": false}, "payment_method_collection": "always", "billing_address_collection": null, "shipping_address_collection": null, "saved_payment_method_options": {"payment_method_save": null, "payment_method_remove": null, "allow_redisplay_filters": ["always"]}, "payment_method_configuration_details": null}	\N	\N
cm575eiik0003eyjg499pedci	\N	cs_test_a16vsF8dExdwR38b4QwluuymgIPOrVMr9wmTpsiJHMCIPMOSefrlMdueXQ	complete	8	usd	cm4sths4i0008g1865nsbbh1l	\N	2024-12-27 19:30:59.921	2024-12-27 19:30:59.921	{"id": "cs_test_a16vsF8dExdwR38b4QwluuymgIPOrVMr9wmTpsiJHMCIPMOSefrlMdueXQ", "url": null, "mode": "subscription", "locale": null, "object": "checkout.session", "status": "complete", "consent": null, "created": 1735327832, "invoice": "in_1QajFNGpVwhT9fv0YWGWe4h7", "ui_mode": "hosted", "currency": "usd", "customer": "cus_RTgcps7CJiUTrA", "livemode": false, "metadata": {"userId": "cm4sths4i0008g1865nsbbh1l", "empresaId": "company-001", "subscriptionType": "BRONCE", "checkoutSessionId": "cs_test_a16vsF8dExdwR38b4QwluuymgIPOrVMr9wmTpsiJHMCIPMOSefrlMdueXQ"}, "cancel_url": "https://frontend-macro-estetica-pearl.vercel.app/subscription/cancel", "expires_at": 1735414232, "custom_text": {"submit": null, "after_submit": null, "shipping_address": null, "terms_of_service_acceptance": null}, "submit_type": null, "success_url": "https://frontend-macro-estetica-pearl.vercel.app/subscription/success", "amount_total": 800, "payment_link": null, "setup_intent": null, "subscription": "sub_1QajFNGpVwhT9fv0XYIyBW9t", "automatic_tax": {"status": null, "enabled": false, "liability": null}, "client_secret": null, "custom_fields": [], "shipping_cost": null, "total_details": {"amount_tax": 0, "amount_discount": 0, "amount_shipping": 0}, "customer_email": "joaquin.elia@hotmail.com", "payment_intent": null, "payment_status": "paid", "recovered_from": null, "amount_subtotal": 800, "adaptive_pricing": null, "after_expiration": null, "customer_details": {"name": "Joaquin test", "email": "joaquin.elia@hotmail.com", "phone": null, "address": {"city": null, "line1": null, "line2": null, "state": null, "country": "AR", "postal_code": null}, "tax_ids": [], "tax_exempt": "none"}, "invoice_creation": null, "shipping_details": null, "shipping_options": [], "customer_creation": "always", "consent_collection": null, "client_reference_id": null, "currency_conversion": null, "payment_method_types": ["card"], "allow_promotion_codes": null, "payment_method_options": {"card": {"request_three_d_secure": "automatic"}}, "phone_number_collection": {"enabled": false}, "payment_method_collection": "always", "billing_address_collection": null, "shipping_address_collection": null, "saved_payment_method_options": {"payment_method_save": null, "payment_method_remove": null, "allow_redisplay_filters": ["always"]}, "payment_method_configuration_details": null}	\N	\N
cm575h7z30006eyjgdts2c4r1	\N	cs_test_a1rCFeEvY47YZ5UKKSVA37JHhxctrFP56rvS7JnEKfd7s9D4TwYjEpsukb	complete	12	usd	user-001	\N	2024-12-27 19:33:06.59	2024-12-27 19:33:06.59	{"id": "cs_test_a1rCFeEvY47YZ5UKKSVA37JHhxctrFP56rvS7JnEKfd7s9D4TwYjEpsukb", "url": null, "mode": "subscription", "locale": null, "object": "checkout.session", "status": "complete", "consent": null, "created": 1735317310, "invoice": "in_1QagVgGpVwhT9fv0V9nPXMf0", "ui_mode": "hosted", "currency": "usd", "customer": "cus_RTdnG5fQDADMww", "livemode": false, "metadata": {"userId": "user-001", "empresaId": "company-001", "subscriptionType": "PLATA", "checkoutSessionId": "cs_test_a1rCFeEvY47YZ5UKKSVA37JHhxctrFP56rvS7JnEKfd7s9D4TwYjEpsukb"}, "cancel_url": "http://localhost:3001/subscription/cancel", "expires_at": 1735403710, "custom_text": {"submit": null, "after_submit": null, "shipping_address": null, "terms_of_service_acceptance": null}, "submit_type": null, "success_url": "http://localhost:3001/subscription/success", "amount_total": 1200, "payment_link": null, "setup_intent": null, "subscription": "sub_1QagVgGpVwhT9fv0UJyGZE8p", "automatic_tax": {"status": null, "enabled": false, "liability": null}, "client_secret": null, "custom_fields": [], "shipping_cost": null, "total_details": {"amount_tax": 0, "amount_discount": 0, "amount_shipping": 0}, "customer_email": "joaquin.elia@hotmail.com", "payment_intent": null, "payment_status": "paid", "recovered_from": null, "amount_subtotal": 1200, "adaptive_pricing": null, "after_expiration": null, "customer_details": {"name": "jairo", "email": "joaquin.elia@hotmail.com", "phone": null, "address": {"city": null, "line1": null, "line2": null, "state": null, "country": "CO", "postal_code": null}, "tax_ids": [], "tax_exempt": "none"}, "invoice_creation": null, "shipping_details": null, "shipping_options": [], "customer_creation": "always", "consent_collection": null, "client_reference_id": null, "currency_conversion": null, "payment_method_types": ["card"], "allow_promotion_codes": null, "payment_method_options": {"card": {"request_three_d_secure": "automatic"}}, "phone_number_collection": {"enabled": false}, "payment_method_collection": "always", "billing_address_collection": null, "shipping_address_collection": null, "saved_payment_method_options": {"payment_method_save": null, "payment_method_remove": null, "allow_redisplay_filters": ["always"]}, "payment_method_configuration_details": null}	\N	\N
cm575onxb0009eyjg3ii8jxpi	\N	cs_test_a1AOmSeuwsKXBTapyqFVCV1rezQhndjetPkr5hfbq4TP7eyrZmTsrli2bo	complete	12	usd	user-001	\N	2024-12-27 19:38:53.833	2024-12-27 19:38:53.833	{"id": "cs_test_a1AOmSeuwsKXBTapyqFVCV1rezQhndjetPkr5hfbq4TP7eyrZmTsrli2bo", "url": null, "mode": "subscription", "locale": null, "object": "checkout.session", "status": "complete", "consent": null, "created": 1735317461, "invoice": "in_1QagXzGpVwhT9fv0O801Sc8n", "ui_mode": "hosted", "currency": "usd", "customer": "cus_RTdpjtoWZ78pV8", "livemode": false, "metadata": {"userId": "user-001", "empresaId": "company-001", "subscriptionType": "PLATA", "checkoutSessionId": "cs_test_a1AOmSeuwsKXBTapyqFVCV1rezQhndjetPkr5hfbq4TP7eyrZmTsrli2bo"}, "cancel_url": "http://localhost:3001/subscription/cancel", "expires_at": 1735403861, "custom_text": {"submit": null, "after_submit": null, "shipping_address": null, "terms_of_service_acceptance": null}, "submit_type": null, "success_url": "http://localhost:3001/subscription/success", "amount_total": 1200, "payment_link": null, "setup_intent": null, "subscription": "sub_1QagXzGpVwhT9fv0jIt3xggq", "automatic_tax": {"status": null, "enabled": false, "liability": null}, "client_secret": null, "custom_fields": [], "shipping_cost": null, "total_details": {"amount_tax": 0, "amount_discount": 0, "amount_shipping": 0}, "customer_email": "joaquin.elia@hotmail.com", "payment_intent": null, "payment_status": "paid", "recovered_from": null, "amount_subtotal": 1200, "adaptive_pricing": null, "after_expiration": null, "customer_details": {"name": "jairo", "email": "joaquin.elia@hotmail.com", "phone": null, "address": {"city": null, "line1": null, "line2": null, "state": null, "country": "CO", "postal_code": null}, "tax_ids": [], "tax_exempt": "none"}, "invoice_creation": null, "shipping_details": null, "shipping_options": [], "customer_creation": "always", "consent_collection": null, "client_reference_id": null, "currency_conversion": null, "payment_method_types": ["card"], "allow_promotion_codes": null, "payment_method_options": {"card": {"request_three_d_secure": "automatic"}}, "phone_number_collection": {"enabled": false}, "payment_method_collection": "always", "billing_address_collection": null, "shipping_address_collection": null, "saved_payment_method_options": {"payment_method_save": null, "payment_method_remove": null, "allow_redisplay_filters": ["always"]}, "payment_method_configuration_details": null}	\N	\N
cm575sxny000ceyjg36brk6zt	\N	cs_test_a1euWczFHwHYZabwlDL13adFkpT1sUfLxaGggQF5WS4eLrJOVijZk5o0h1	complete	12	usd	user-001	\N	2024-12-27 19:42:13.086	2024-12-27 19:42:13.086	{"id": "cs_test_a1euWczFHwHYZabwlDL13adFkpT1sUfLxaGggQF5WS4eLrJOVijZk5o0h1", "url": null, "mode": "subscription", "locale": null, "object": "checkout.session", "status": "complete", "consent": null, "created": 1735324840, "invoice": "in_1QaiT0GpVwhT9fv0aA7pAHXm", "ui_mode": "hosted", "currency": "usd", "customer": "cus_RTfoUrEKbJpHCA", "livemode": false, "metadata": {"userId": "user-001", "empresaId": "company-001", "subscriptionType": "PLATA", "checkoutSessionId": "cs_test_a1euWczFHwHYZabwlDL13adFkpT1sUfLxaGggQF5WS4eLrJOVijZk5o0h1"}, "cancel_url": "http://localhost:3001/subscription/cancel", "expires_at": 1735411240, "custom_text": {"submit": null, "after_submit": null, "shipping_address": null, "terms_of_service_acceptance": null}, "submit_type": null, "success_url": "http://localhost:3001/subscription/success", "amount_total": 1200, "payment_link": null, "setup_intent": null, "subscription": "sub_1QaiT0GpVwhT9fv0luGpTE1d", "automatic_tax": {"status": null, "enabled": false, "liability": null}, "client_secret": null, "custom_fields": [], "shipping_cost": null, "total_details": {"amount_tax": 0, "amount_discount": 0, "amount_shipping": 0}, "customer_email": "joaquin.elia@hotmail.com", "payment_intent": null, "payment_status": "paid", "recovered_from": null, "amount_subtotal": 1200, "adaptive_pricing": null, "after_expiration": null, "customer_details": {"name": "jairo", "email": "joaquin.elia@hotmail.com", "phone": null, "address": {"city": null, "line1": null, "line2": null, "state": null, "country": "CO", "postal_code": null}, "tax_ids": [], "tax_exempt": "none"}, "invoice_creation": null, "shipping_details": null, "shipping_options": [], "customer_creation": "always", "consent_collection": null, "client_reference_id": null, "currency_conversion": null, "payment_method_types": ["card"], "allow_promotion_codes": null, "payment_method_options": {"card": {"request_three_d_secure": "automatic"}}, "phone_number_collection": {"enabled": false}, "payment_method_collection": "always", "billing_address_collection": null, "shipping_address_collection": null, "saved_payment_method_options": {"payment_method_save": null, "payment_method_remove": null, "allow_redisplay_filters": ["always"]}, "payment_method_configuration_details": null}	\N	\N
cm575ypp2000geyjg9o0k2rt3	\N	cs_test_a1B7qRgTUVY42rxsSVK6gAfp745Bs2edi2dXj2Y7I5mCyVvJW2nc1nabzW	complete	12	usd	user-001	\N	2024-12-27 19:46:42.71	2024-12-27 19:46:42.71	{"id": "cs_test_a1B7qRgTUVY42rxsSVK6gAfp745Bs2edi2dXj2Y7I5mCyVvJW2nc1nabzW", "url": null, "mode": "subscription", "locale": null, "object": "checkout.session", "status": "complete", "consent": null, "created": 1735317933, "invoice": "in_1QagffGpVwhT9fv0eHe6wnWn", "ui_mode": "hosted", "currency": "usd", "customer": "cus_RTdxWNW2w0qrSB", "livemode": false, "metadata": {"userId": "user-001", "empresaId": "company-001", "subscriptionType": "PLATA", "checkoutSessionId": "cs_test_a1B7qRgTUVY42rxsSVK6gAfp745Bs2edi2dXj2Y7I5mCyVvJW2nc1nabzW"}, "cancel_url": "http://localhost:3001/subscription/cancel", "expires_at": 1735404333, "custom_text": {"submit": null, "after_submit": null, "shipping_address": null, "terms_of_service_acceptance": null}, "submit_type": null, "success_url": "http://localhost:3001/subscription/success", "amount_total": 1200, "payment_link": null, "setup_intent": null, "subscription": "sub_1QagffGpVwhT9fv0CMADUrgp", "automatic_tax": {"status": null, "enabled": false, "liability": null}, "client_secret": null, "custom_fields": [], "shipping_cost": null, "total_details": {"amount_tax": 0, "amount_discount": 0, "amount_shipping": 0}, "customer_email": "joaquin.elia@hotmail.com", "payment_intent": null, "payment_status": "paid", "recovered_from": null, "amount_subtotal": 1200, "adaptive_pricing": null, "after_expiration": null, "customer_details": {"name": "jairo", "email": "joaquin.elia@hotmail.com", "phone": null, "address": {"city": null, "line1": null, "line2": null, "state": null, "country": "CO", "postal_code": null}, "tax_ids": [], "tax_exempt": "none"}, "invoice_creation": null, "shipping_details": null, "shipping_options": [], "customer_creation": "always", "consent_collection": null, "client_reference_id": null, "currency_conversion": null, "payment_method_types": ["card"], "allow_promotion_codes": null, "payment_method_options": {"card": {"request_three_d_secure": "automatic"}}, "phone_number_collection": {"enabled": false}, "payment_method_collection": "always", "billing_address_collection": null, "shipping_address_collection": null, "saved_payment_method_options": {"payment_method_save": null, "payment_method_remove": null, "allow_redisplay_filters": ["always"]}, "payment_method_configuration_details": null}	\N	\N
cm57e5h6f000meyjglu89fivm	\N	cs_test_a1cVNSmjCyul3nM8NyphufCS44ggMrYJQOdjN8oaWGZKlUgiAuG6GtyAYp	complete	20	usd	cm4sths4i0008g1865nsbbh1l	\N	2024-12-27 23:35:55.145	2024-12-27 23:35:55.145	{"id": "cs_test_a1cVNSmjCyul3nM8NyphufCS44ggMrYJQOdjN8oaWGZKlUgiAuG6GtyAYp", "url": null, "mode": "subscription", "locale": null, "object": "checkout.session", "status": "complete", "consent": null, "created": 1735342418, "invoice": "in_1Qan4NGpVwhT9fv07hEROKDe", "ui_mode": "hosted", "currency": "usd", "customer": "cus_RTkZamSOzR6jeO", "livemode": false, "metadata": {"userId": "cm4sths4i0008g1865nsbbh1l", "empresaId": "company-001", "subscriptionType": "ORO", "checkoutSessionId": "cs_test_a1cVNSmjCyul3nM8NyphufCS44ggMrYJQOdjN8oaWGZKlUgiAuG6GtyAYp"}, "cancel_url": "https://frontend-macro-estetica-pearl.vercel.app/subscription/cancel", "expires_at": 1735428818, "custom_text": {"submit": null, "after_submit": null, "shipping_address": null, "terms_of_service_acceptance": null}, "submit_type": null, "success_url": "https://frontend-macro-estetica-pearl.vercel.app/subscription/success", "amount_total": 2000, "payment_link": null, "setup_intent": null, "subscription": "sub_1Qan4NGpVwhT9fv0r8sCCgNA", "automatic_tax": {"status": null, "enabled": false, "liability": null}, "client_secret": null, "custom_fields": [], "shipping_cost": null, "total_details": {"amount_tax": 0, "amount_discount": 0, "amount_shipping": 0}, "customer_email": "joaquin.elia@hotmail.com", "payment_intent": null, "payment_status": "paid", "recovered_from": null, "amount_subtotal": 2000, "adaptive_pricing": null, "after_expiration": null, "customer_details": {"name": "Joaquin prueba", "email": "joaquin.elia@hotmail.com", "phone": null, "address": {"city": null, "line1": null, "line2": null, "state": null, "country": "AR", "postal_code": null}, "tax_ids": [], "tax_exempt": "none"}, "invoice_creation": null, "shipping_details": null, "shipping_options": [], "customer_creation": "always", "consent_collection": null, "client_reference_id": null, "currency_conversion": null, "payment_method_types": ["card"], "allow_promotion_codes": null, "payment_method_options": {"card": {"request_three_d_secure": "automatic"}}, "phone_number_collection": {"enabled": false}, "payment_method_collection": "always", "billing_address_collection": null, "shipping_address_collection": null, "saved_payment_method_options": {"payment_method_save": null, "payment_method_remove": null, "allow_redisplay_filters": ["always"]}, "payment_method_configuration_details": null}	\N	\N
cm5hybc3m00002rlz6edk3gdc	\N	cs_test_a1nJP0naTMtkHOsNZTaFYxxEqRQqITKvvrXOm1L53HqUz87WzbsZAksGgp	complete	20	usd	user-001	\N	2025-01-04 08:58:02.581	2025-01-04 08:58:02.581	{"id": "cs_test_a1nJP0naTMtkHOsNZTaFYxxEqRQqITKvvrXOm1L53HqUz87WzbsZAksGgp", "url": null, "mode": "subscription", "locale": null, "object": "checkout.session", "status": "complete", "consent": null, "created": 1735961666, "invoice": "in_1QdTBDGpVwhT9fv0KOaKrN8w", "ui_mode": "hosted", "currency": "usd", "customer": "cus_RWWDDVps9VDrwV", "livemode": false, "metadata": {"userId": "user-001", "subscriptionType": "update", "checkoutSessionId": "cs_test_a1nJP0naTMtkHOsNZTaFYxxEqRQqITKvvrXOm1L53HqUz87WzbsZAksGgp"}, "cancel_url": "http://localhost:3001/user-subscription/cancel", "expires_at": 1736048066, "custom_text": {"submit": null, "after_submit": null, "shipping_address": null, "terms_of_service_acceptance": null}, "submit_type": null, "success_url": "http://localhost:3001/user-subscription/success", "amount_total": 2000, "payment_link": null, "setup_intent": null, "subscription": "sub_1QdTBDGpVwhT9fv0j2doNKgW", "automatic_tax": {"status": null, "enabled": false, "liability": null}, "client_secret": null, "custom_fields": [], "shipping_cost": null, "total_details": {"amount_tax": 0, "amount_discount": 0, "amount_shipping": 0}, "customer_email": "joaquin.elia@hotmail.com", "payment_intent": null, "payment_status": "paid", "recovered_from": null, "amount_subtotal": 2000, "adaptive_pricing": null, "after_expiration": null, "customer_details": {"name": "jairo", "email": "joaquin.elia@hotmail.com", "phone": null, "address": {"city": null, "line1": null, "line2": null, "state": null, "country": "CO", "postal_code": null}, "tax_ids": [], "tax_exempt": "none"}, "invoice_creation": null, "shipping_details": null, "shipping_options": [], "customer_creation": "always", "consent_collection": null, "client_reference_id": null, "currency_conversion": null, "payment_method_types": ["card"], "allow_promotion_codes": null, "payment_method_options": {"card": {"request_three_d_secure": "automatic"}}, "phone_number_collection": {"enabled": false}, "payment_method_collection": "always", "billing_address_collection": null, "shipping_address_collection": null, "saved_payment_method_options": {"payment_method_save": null, "payment_method_remove": null, "allow_redisplay_filters": ["always"]}, "payment_method_configuration_details": null}	\N	\N
cm5hyelte00012rlzbdnps4zh	\N	cs_test_a1RflaEl1fCMYhcGKNoq1GHEtAxzEzyg5rMFElkJdKdYVq8armdsku0Yor	complete	20	usd	cm4sths4i0008g1865nsbbh1l	\N	2025-01-04 09:00:35.164	2025-01-04 09:00:35.164	{"id": "cs_test_a1RflaEl1fCMYhcGKNoq1GHEtAxzEzyg5rMFElkJdKdYVq8armdsku0Yor", "url": null, "mode": "subscription", "locale": null, "object": "checkout.session", "status": "complete", "consent": null, "created": 1735981208, "invoice": "in_1QdTDfGpVwhT9fv0kNlH0Fn1", "ui_mode": "hosted", "currency": "usd", "customer": "cus_RWWGRPjhXnQVVn", "livemode": false, "metadata": {"userId": "cm4sths4i0008g1865nsbbh1l", "subscriptionType": "update", "checkoutSessionId": "cs_test_a1RflaEl1fCMYhcGKNoq1GHEtAxzEzyg5rMFElkJdKdYVq8armdsku0Yor"}, "cancel_url": "http://localhost:3001/user-subscription/cancel", "expires_at": 1736067608, "custom_text": {"submit": null, "after_submit": null, "shipping_address": null, "terms_of_service_acceptance": null}, "submit_type": null, "success_url": "http://localhost:3001/user-subscription/success", "amount_total": 2000, "payment_link": null, "setup_intent": null, "subscription": "sub_1QdTDfGpVwhT9fv0sn21bh4M", "automatic_tax": {"status": null, "enabled": false, "liability": null}, "client_secret": null, "custom_fields": [], "shipping_cost": null, "total_details": {"amount_tax": 0, "amount_discount": 0, "amount_shipping": 0}, "customer_email": "joaquin.elia@hotmail.com", "payment_intent": null, "payment_status": "paid", "recovered_from": null, "amount_subtotal": 2000, "adaptive_pricing": null, "after_expiration": null, "customer_details": {"name": "jairo", "email": "joaquin.elia@hotmail.com", "phone": null, "address": {"city": null, "line1": null, "line2": null, "state": null, "country": "CO", "postal_code": null}, "tax_ids": [], "tax_exempt": "none"}, "invoice_creation": null, "shipping_details": null, "shipping_options": [], "customer_creation": "always", "consent_collection": null, "client_reference_id": null, "currency_conversion": null, "payment_method_types": ["card"], "allow_promotion_codes": null, "payment_method_options": {"card": {"request_three_d_secure": "automatic"}}, "phone_number_collection": {"enabled": false}, "payment_method_collection": "always", "billing_address_collection": null, "shipping_address_collection": null, "saved_payment_method_options": {"payment_method_save": null, "payment_method_remove": null, "allow_redisplay_filters": ["always"]}, "payment_method_configuration_details": null}	\N	\N
cm5l6akxs0000wth2ddrn44lw	\N	cs_test_a17vpDVEilQR0whOhYKS3KJ2FxKCWFxOFqFJpDi7vqbtUvBa6z4px00Fe4	complete	10	usd	cm4sths4i0008g1865nsbbh1l	\N	2025-01-06 15:04:42.873	2025-01-06 15:04:42.873	{"id": "cs_test_a17vpDVEilQR0whOhYKS3KJ2FxKCWFxOFqFJpDi7vqbtUvBa6z4px00Fe4", "url": null, "mode": "subscription", "locale": null, "object": "checkout.session", "status": "complete", "consent": null, "created": 1736175856, "invoice": "in_1QeHr9GpVwhT9fv0EvEEXu8H", "ui_mode": "hosted", "currency": "usd", "customer": "cus_RXMaT49Cx0tOJa", "livemode": false, "metadata": {"userId": "cm4sths4i0008g1865nsbbh1l", "empresaId": "company-001", "subscriptionType": "BASICO", "checkoutSessionId": "cs_test_a17vpDVEilQR0whOhYKS3KJ2FxKCWFxOFqFJpDi7vqbtUvBa6z4px00Fe4"}, "cancel_url": "https://frontend-macro-estetica-pearl.vercel.app/subscription/cancel", "expires_at": 1736262256, "custom_text": {"submit": null, "after_submit": null, "shipping_address": null, "terms_of_service_acceptance": null}, "submit_type": null, "success_url": "https://frontend-macro-estetica-pearl.vercel.app/subscription/success", "amount_total": 1000, "payment_link": null, "setup_intent": null, "subscription": "sub_1QeHr9GpVwhT9fv0wFcUp44q", "automatic_tax": {"status": null, "enabled": false, "liability": null}, "client_secret": null, "custom_fields": [], "shipping_cost": null, "total_details": {"amount_tax": 0, "amount_discount": 0, "amount_shipping": 0}, "customer_email": "joaquin.elia@hotmail.com", "payment_intent": null, "payment_status": "paid", "recovered_from": null, "amount_subtotal": 1000, "adaptive_pricing": null, "after_expiration": null, "customer_details": {"name": "test", "email": "joaquin.elia@hotmail.com", "phone": null, "address": {"city": null, "line1": null, "line2": null, "state": null, "country": "AR", "postal_code": null}, "tax_ids": [], "tax_exempt": "none"}, "invoice_creation": null, "shipping_details": null, "shipping_options": [], "customer_creation": "always", "consent_collection": null, "client_reference_id": null, "currency_conversion": null, "payment_method_types": ["card"], "allow_promotion_codes": null, "payment_method_options": {"card": {"request_three_d_secure": "automatic"}}, "phone_number_collection": {"enabled": false}, "payment_method_collection": "always", "billing_address_collection": null, "shipping_address_collection": null, "saved_payment_method_options": {"payment_method_save": null, "payment_method_remove": null, "allow_redisplay_filters": ["always"]}, "payment_method_configuration_details": null}	\N	\N
cm5l6alkh0001wth2jbrz11p0	pi_3QeHr9GpVwhT9fv01PPWOmmd	\N	paid	10	usd	\N	\N	2025-01-06 15:04:43.698	2025-01-06 15:04:43.698	{"id": "in_1QeHr9GpVwhT9fv0EvEEXu8H", "tax": null, "paid": true, "lines": {"url": "/v1/invoices/in_1QeHr9GpVwhT9fv0EvEEXu8H/lines", "data": [{"id": "il_1QeHr9GpVwhT9fv0zhyOB0lL", "plan": {"id": "price_1QeHqmGpVwhT9fv0fmhO5B5m", "meter": null, "active": false, "amount": 1000, "object": "plan", "created": 1736175856, "product": "prod_RXMLbh01cQtweF", "currency": "usd", "interval": "month", "livemode": false, "metadata": {}, "nickname": null, "tiers_mode": null, "usage_type": "licensed", "amount_decimal": "1000", "billing_scheme": "per_unit", "interval_count": 1, "aggregate_usage": null, "transform_usage": null, "trial_period_days": null}, "type": "subscription", "price": {"id": "price_1QeHqmGpVwhT9fv0fmhO5B5m", "type": "recurring", "active": false, "object": "price", "created": 1736175856, "product": "prod_RXMLbh01cQtweF", "currency": "usd", "livemode": false, "metadata": {}, "nickname": null, "recurring": {"meter": null, "interval": "month", "usage_type": "licensed", "interval_count": 1, "aggregate_usage": null, "trial_period_days": null}, "lookup_key": null, "tiers_mode": null, "unit_amount": 1000, "tax_behavior": "unspecified", "billing_scheme": "per_unit", "custom_unit_amount": null, "transform_quantity": null, "unit_amount_decimal": "1000"}, "amount": 1000, "object": "line_item", "period": {"end": 1738854279, "start": 1736175879}, "invoice": "in_1QeHr9GpVwhT9fv0EvEEXu8H", "currency": "usd", "livemode": false, "metadata": {}, "quantity": 1, "discounts": [], "proration": false, "tax_rates": [], "description": "1 × Suscripción BASICO (at $10.00 / month)", "tax_amounts": [], "discountable": true, "subscription": "sub_1QeHr9GpVwhT9fv0wFcUp44q", "discount_amounts": [], "proration_details": {"credited_items": null}, "subscription_item": "si_RXMaKHRg3N1fdm", "amount_excluding_tax": 1000, "pretax_credit_amounts": [], "unit_amount_excluding_tax": "1000"}], "object": "list", "has_more": false, "total_count": 1}, "quote": null, "total": 1000, "charge": "ch_3QeHr9GpVwhT9fv01L06OqaP", "footer": null, "issuer": {"type": "self"}, "number": "25D90BC6-0001", "object": "invoice", "status": "paid", "created": 1736175879, "currency": "usd", "customer": "cus_RXMaT49Cx0tOJa", "discount": null, "due_date": null, "livemode": false, "metadata": {}, "subtotal": 1000, "attempted": true, "discounts": [], "rendering": null, "amount_due": 1000, "period_end": 1736175879, "test_clock": null, "amount_paid": 1000, "application": null, "description": null, "invoice_pdf": "https://pay.stripe.com/invoice/acct_1QP74lGpVwhT9fv0/test_YWNjdF8xUVA3NGxHcFZ3aFQ5ZnYwLF9SWE1hMWRTN3g5eGMzNTJ5MTZuRW9DR3czMzJ1RGFyLDEyNjcxNjY4Mg0200HOuMGplW/pdf?s=ap", "account_name": "Macroestetica", "auto_advance": false, "effective_at": 1736175879, "from_invoice": null, "on_behalf_of": null, "period_start": 1736175879, "subscription": "sub_1QeHr9GpVwhT9fv0wFcUp44q", "attempt_count": 1, "automatic_tax": {"status": null, "enabled": false, "liability": null, "disabled_reason": null}, "custom_fields": null, "customer_name": "test", "shipping_cost": null, "transfer_data": null, "billing_reason": "subscription_create", "customer_email": "joaquin.elia@hotmail.com", "customer_phone": null, "default_source": null, "ending_balance": 0, "payment_intent": "pi_3QeHr9GpVwhT9fv01PPWOmmd", "receipt_number": null, "account_country": "MX", "account_tax_ids": null, "amount_shipping": 0, "latest_revision": null, "amount_remaining": 0, "customer_address": {"city": null, "line1": null, "line2": null, "state": null, "country": "AR", "postal_code": null}, "customer_tax_ids": [], "paid_out_of_band": false, "payment_settings": {"default_mandate": null, "payment_method_types": null, "payment_method_options": {"card": {"request_three_d_secure": "automatic"}, "konbini": null, "acss_debit": null, "bancontact": null, "sepa_debit": null, "us_bank_account": null, "customer_balance": null}}, "shipping_details": null, "starting_balance": 0, "collection_method": "charge_automatically", "customer_shipping": null, "default_tax_rates": [], "total_tax_amounts": [], "hosted_invoice_url": "https://invoice.stripe.com/i/acct_1QP74lGpVwhT9fv0/test_YWNjdF8xUVA3NGxHcFZ3aFQ5ZnYwLF9SWE1hMWRTN3g5eGMzNTJ5MTZuRW9DR3czMzJ1RGFyLDEyNjcxNjY4Mg0200HOuMGplW?s=ap", "status_transitions": {"paid_at": 1736175881, "voided_at": null, "finalized_at": 1736175879, "marked_uncollectible_at": null}, "customer_tax_exempt": "none", "total_excluding_tax": 1000, "next_payment_attempt": null, "statement_descriptor": null, "subscription_details": {"metadata": {}}, "webhooks_delivered_at": 1736175879, "application_fee_amount": null, "default_payment_method": null, "subtotal_excluding_tax": 1000, "total_discount_amounts": [], "last_finalization_error": null, "automatically_finalizes_at": null, "total_pretax_credit_amounts": [], "pre_payment_credit_notes_amount": 0, "post_payment_credit_notes_amount": 0}	\N	\N
cm5l6lc2s0003wth2pkn0bq2f	\N	cs_test_a1T0mwAVKRhi1m7xhnT54hhFg2tjobtfESV7LOaVa2THmhx7G6ZFqGI79u	complete	15	usd	user-001	\N	2025-01-06 15:13:04.557	2025-01-06 15:13:04.557	{"id": "cs_test_a1T0mwAVKRhi1m7xhnT54hhFg2tjobtfESV7LOaVa2THmhx7G6ZFqGI79u", "url": null, "mode": "subscription", "locale": null, "object": "checkout.session", "status": "complete", "consent": null, "created": 1736176360, "invoice": "in_1QeHzFGpVwhT9fv0ar4Kg3KC", "ui_mode": "hosted", "currency": "usd", "customer": "cus_RXMiDygxEuNteK", "livemode": false, "metadata": {"userId": "user-001", "empresaId": "company-001", "subscriptionType": "INTERMEDIO", "checkoutSessionId": "cs_test_a1T0mwAVKRhi1m7xhnT54hhFg2tjobtfESV7LOaVa2THmhx7G6ZFqGI79u"}, "cancel_url": "http://localhost:3001/subscription/cancel", "expires_at": 1736262759, "custom_text": {"submit": null, "after_submit": null, "shipping_address": null, "terms_of_service_acceptance": null}, "submit_type": null, "success_url": "http://localhost:3001/subscription/success", "amount_total": 1500, "payment_link": null, "setup_intent": null, "subscription": "sub_1QeHzFGpVwhT9fv065rr6629", "automatic_tax": {"status": null, "enabled": false, "liability": null}, "client_secret": null, "custom_fields": [], "shipping_cost": null, "total_details": {"amount_tax": 0, "amount_discount": 0, "amount_shipping": 0}, "customer_email": "joaquin.elia@hotmail.com", "payment_intent": null, "payment_status": "paid", "recovered_from": null, "amount_subtotal": 1500, "adaptive_pricing": null, "after_expiration": null, "customer_details": {"name": "jairo", "email": "joaquin.elia@hotmail.com", "phone": null, "address": {"city": null, "line1": null, "line2": null, "state": null, "country": "CO", "postal_code": null}, "tax_ids": [], "tax_exempt": "none"}, "invoice_creation": null, "shipping_details": null, "shipping_options": [], "customer_creation": "always", "consent_collection": null, "client_reference_id": null, "currency_conversion": null, "payment_method_types": ["card"], "allow_promotion_codes": null, "payment_method_options": {"card": {"request_three_d_secure": "automatic"}}, "phone_number_collection": {"enabled": false}, "payment_method_collection": "always", "billing_address_collection": null, "shipping_address_collection": null, "saved_payment_method_options": {"payment_method_save": null, "payment_method_remove": null, "allow_redisplay_filters": ["always"]}, "payment_method_configuration_details": null}	\N	\N
cm5l6lcpy0004wth2wk0mo8e9	pi_3QeHzFGpVwhT9fv017AsGM4w	\N	paid	15	usd	\N	\N	2025-01-06 15:13:05.446	2025-01-06 15:13:05.446	{"id": "in_1QeHzFGpVwhT9fv0ar4Kg3KC", "tax": null, "paid": true, "lines": {"url": "/v1/invoices/in_1QeHzFGpVwhT9fv0ar4Kg3KC/lines", "data": [{"id": "il_1QeHzFGpVwhT9fv0P3A6lq9k", "plan": {"id": "price_1QeHytGpVwhT9fv0OmYnseHg", "meter": null, "active": false, "amount": 1500, "object": "plan", "created": 1736176359, "product": "prod_RXMNNeSHMcjVMz", "currency": "usd", "interval": "month", "livemode": false, "metadata": {}, "nickname": null, "tiers_mode": null, "usage_type": "licensed", "amount_decimal": "1500", "billing_scheme": "per_unit", "interval_count": 1, "aggregate_usage": null, "transform_usage": null, "trial_period_days": null}, "type": "subscription", "price": {"id": "price_1QeHytGpVwhT9fv0OmYnseHg", "type": "recurring", "active": false, "object": "price", "created": 1736176359, "product": "prod_RXMNNeSHMcjVMz", "currency": "usd", "livemode": false, "metadata": {}, "nickname": null, "recurring": {"meter": null, "interval": "month", "usage_type": "licensed", "interval_count": 1, "aggregate_usage": null, "trial_period_days": null}, "lookup_key": null, "tiers_mode": null, "unit_amount": 1500, "tax_behavior": "unspecified", "billing_scheme": "per_unit", "custom_unit_amount": null, "transform_quantity": null, "unit_amount_decimal": "1500"}, "amount": 1500, "object": "line_item", "period": {"end": 1738854781, "start": 1736176381}, "invoice": "in_1QeHzFGpVwhT9fv0ar4Kg3KC", "currency": "usd", "livemode": false, "metadata": {}, "quantity": 1, "discounts": [], "proration": false, "tax_rates": [], "description": "1 × Suscripción INTERMEDIO (at $15.00 / month)", "tax_amounts": [], "discountable": true, "subscription": "sub_1QeHzFGpVwhT9fv065rr6629", "discount_amounts": [], "proration_details": {"credited_items": null}, "subscription_item": "si_RXMia3PVSbqacW", "amount_excluding_tax": 1500, "pretax_credit_amounts": [], "unit_amount_excluding_tax": "1500"}], "object": "list", "has_more": false, "total_count": 1}, "quote": null, "total": 1500, "charge": "ch_3QeHzFGpVwhT9fv01SkQP0sa", "footer": null, "issuer": {"type": "self"}, "number": "489E9C50-0001", "object": "invoice", "status": "paid", "created": 1736176381, "currency": "usd", "customer": "cus_RXMiDygxEuNteK", "discount": null, "due_date": null, "livemode": false, "metadata": {}, "subtotal": 1500, "attempted": true, "discounts": [], "rendering": null, "amount_due": 1500, "period_end": 1736176381, "test_clock": null, "amount_paid": 1500, "application": null, "description": null, "invoice_pdf": "https://pay.stripe.com/invoice/acct_1QP74lGpVwhT9fv0/test_YWNjdF8xUVA3NGxHcFZ3aFQ5ZnYwLF9SWE1pbm0xZnlHNE14U2wwWXBxbk5jdmQzaTZvam9yLDEyNjcxNzE4NA0200MaI1UzDD/pdf?s=ap", "account_name": "Macroestetica", "auto_advance": false, "effective_at": 1736176381, "from_invoice": null, "on_behalf_of": null, "period_start": 1736176381, "subscription": "sub_1QeHzFGpVwhT9fv065rr6629", "attempt_count": 1, "automatic_tax": {"status": null, "enabled": false, "liability": null, "disabled_reason": null}, "custom_fields": null, "customer_name": "jairo", "shipping_cost": null, "transfer_data": null, "billing_reason": "subscription_create", "customer_email": "joaquin.elia@hotmail.com", "customer_phone": null, "default_source": null, "ending_balance": 0, "payment_intent": "pi_3QeHzFGpVwhT9fv017AsGM4w", "receipt_number": null, "account_country": "MX", "account_tax_ids": null, "amount_shipping": 0, "latest_revision": null, "amount_remaining": 0, "customer_address": {"city": null, "line1": null, "line2": null, "state": null, "country": "CO", "postal_code": null}, "customer_tax_ids": [], "paid_out_of_band": false, "payment_settings": {"default_mandate": null, "payment_method_types": null, "payment_method_options": {"card": {"request_three_d_secure": "automatic"}, "konbini": null, "acss_debit": null, "bancontact": null, "sepa_debit": null, "us_bank_account": null, "customer_balance": null}}, "shipping_details": null, "starting_balance": 0, "collection_method": "charge_automatically", "customer_shipping": null, "default_tax_rates": [], "total_tax_amounts": [], "hosted_invoice_url": "https://invoice.stripe.com/i/acct_1QP74lGpVwhT9fv0/test_YWNjdF8xUVA3NGxHcFZ3aFQ5ZnYwLF9SWE1pbm0xZnlHNE14U2wwWXBxbk5jdmQzaTZvam9yLDEyNjcxNzE4NA0200MaI1UzDD?s=ap", "status_transitions": {"paid_at": 1736176383, "voided_at": null, "finalized_at": 1736176381, "marked_uncollectible_at": null}, "customer_tax_exempt": "none", "total_excluding_tax": 1500, "next_payment_attempt": null, "statement_descriptor": null, "subscription_details": {"metadata": {}}, "webhooks_delivered_at": 1736176381, "application_fee_amount": null, "default_payment_method": null, "subtotal_excluding_tax": 1500, "total_discount_amounts": [], "last_finalization_error": null, "automatically_finalizes_at": null, "total_pretax_credit_amounts": [], "pre_payment_credit_notes_amount": 0, "post_payment_credit_notes_amount": 0}	\N	\N
cm5l6o5s60005wth2nwl0sxek	\N	cs_test_a1Vu2rL4s5VCe3nqnuD2BOUW9IA5002abjpVaa73S5uFLEvJLOvuz21W9E	complete	15	usd	user-001	\N	2025-01-06 15:15:16.421	2025-01-06 15:15:16.421	{"id": "cs_test_a1Vu2rL4s5VCe3nqnuD2BOUW9IA5002abjpVaa73S5uFLEvJLOvuz21W9E", "url": null, "mode": "subscription", "locale": null, "object": "checkout.session", "status": "complete", "consent": null, "created": 1736176490, "invoice": "in_1QeI1NGpVwhT9fv0lwgsKBvY", "ui_mode": "hosted", "currency": "usd", "customer": "cus_RXMk02OgkfYlME", "livemode": false, "metadata": {"userId": "user-001", "empresaId": "company-001", "subscriptionType": "INTERMEDIO", "checkoutSessionId": "cs_test_a1Vu2rL4s5VCe3nqnuD2BOUW9IA5002abjpVaa73S5uFLEvJLOvuz21W9E"}, "cancel_url": "http://localhost:3001/subscription/cancel", "expires_at": 1736262890, "custom_text": {"submit": null, "after_submit": null, "shipping_address": null, "terms_of_service_acceptance": null}, "submit_type": null, "success_url": "http://localhost:3001/subscription/success", "amount_total": 1500, "payment_link": null, "setup_intent": null, "subscription": "sub_1QeI1NGpVwhT9fv0EbHbCn2u", "automatic_tax": {"status": null, "enabled": false, "liability": null}, "client_secret": null, "custom_fields": [], "shipping_cost": null, "total_details": {"amount_tax": 0, "amount_discount": 0, "amount_shipping": 0}, "customer_email": "joaquin.elia@hotmail.com", "payment_intent": null, "payment_status": "paid", "recovered_from": null, "amount_subtotal": 1500, "adaptive_pricing": null, "after_expiration": null, "customer_details": {"name": "jairo", "email": "joaquin.elia@hotmail.com", "phone": null, "address": {"city": null, "line1": null, "line2": null, "state": null, "country": "CO", "postal_code": null}, "tax_ids": [], "tax_exempt": "none"}, "invoice_creation": null, "shipping_details": null, "shipping_options": [], "customer_creation": "always", "consent_collection": null, "client_reference_id": null, "currency_conversion": null, "payment_method_types": ["card"], "allow_promotion_codes": null, "payment_method_options": {"card": {"request_three_d_secure": "automatic"}}, "phone_number_collection": {"enabled": false}, "payment_method_collection": "always", "billing_address_collection": null, "shipping_address_collection": null, "saved_payment_method_options": {"payment_method_save": null, "payment_method_remove": null, "allow_redisplay_filters": ["always"]}, "payment_method_configuration_details": null}	\N	\N
cm5l6o6do0006wth2m47ps6pv	pi_3QeI1NGpVwhT9fv01sPa4aGT	\N	paid	15	usd	\N	\N	2025-01-06 15:15:17.197	2025-01-06 15:15:17.197	{"id": "in_1QeI1NGpVwhT9fv0lwgsKBvY", "tax": null, "paid": true, "lines": {"url": "/v1/invoices/in_1QeI1NGpVwhT9fv0lwgsKBvY/lines", "data": [{"id": "il_1QeI1NGpVwhT9fv03I7gwoDj", "plan": {"id": "price_1QeI10GpVwhT9fv0afg8uj8t", "meter": null, "active": false, "amount": 1500, "object": "plan", "created": 1736176489, "product": "prod_RXMNNeSHMcjVMz", "currency": "usd", "interval": "month", "livemode": false, "metadata": {}, "nickname": null, "tiers_mode": null, "usage_type": "licensed", "amount_decimal": "1500", "billing_scheme": "per_unit", "interval_count": 1, "aggregate_usage": null, "transform_usage": null, "trial_period_days": null}, "type": "subscription", "price": {"id": "price_1QeI10GpVwhT9fv0afg8uj8t", "type": "recurring", "active": false, "object": "price", "created": 1736176489, "product": "prod_RXMNNeSHMcjVMz", "currency": "usd", "livemode": false, "metadata": {}, "nickname": null, "recurring": {"meter": null, "interval": "month", "usage_type": "licensed", "interval_count": 1, "aggregate_usage": null, "trial_period_days": null}, "lookup_key": null, "tiers_mode": null, "unit_amount": 1500, "tax_behavior": "unspecified", "billing_scheme": "per_unit", "custom_unit_amount": null, "transform_quantity": null, "unit_amount_decimal": "1500"}, "amount": 1500, "object": "line_item", "period": {"end": 1738854913, "start": 1736176513}, "invoice": "in_1QeI1NGpVwhT9fv0lwgsKBvY", "currency": "usd", "livemode": false, "metadata": {}, "quantity": 1, "discounts": [], "proration": false, "tax_rates": [], "description": "1 × Suscripción INTERMEDIO (at $15.00 / month)", "tax_amounts": [], "discountable": true, "subscription": "sub_1QeI1NGpVwhT9fv0EbHbCn2u", "discount_amounts": [], "proration_details": {"credited_items": null}, "subscription_item": "si_RXMkHK7dqxSaqN", "amount_excluding_tax": 1500, "pretax_credit_amounts": [], "unit_amount_excluding_tax": "1500"}], "object": "list", "has_more": false, "total_count": 1}, "quote": null, "total": 1500, "charge": "ch_3QeI1NGpVwhT9fv01a1beOry", "footer": null, "issuer": {"type": "self"}, "number": "FA0151E5-0001", "object": "invoice", "status": "paid", "created": 1736176513, "currency": "usd", "customer": "cus_RXMk02OgkfYlME", "discount": null, "due_date": null, "livemode": false, "metadata": {}, "subtotal": 1500, "attempted": true, "discounts": [], "rendering": null, "amount_due": 1500, "period_end": 1736176513, "test_clock": null, "amount_paid": 1500, "application": null, "description": null, "invoice_pdf": "https://pay.stripe.com/invoice/acct_1QP74lGpVwhT9fv0/test_YWNjdF8xUVA3NGxHcFZ3aFQ5ZnYwLF9SWE1rTHE0RWx2NmVleHJCbXNHemFJbkUxc05Pdnk0LDEyNjcxNzMxNg0200lzXNKlwl/pdf?s=ap", "account_name": "Macroestetica", "auto_advance": false, "effective_at": 1736176513, "from_invoice": null, "on_behalf_of": null, "period_start": 1736176513, "subscription": "sub_1QeI1NGpVwhT9fv0EbHbCn2u", "attempt_count": 1, "automatic_tax": {"status": null, "enabled": false, "liability": null, "disabled_reason": null}, "custom_fields": null, "customer_name": "jairo", "shipping_cost": null, "transfer_data": null, "billing_reason": "subscription_create", "customer_email": "joaquin.elia@hotmail.com", "customer_phone": null, "default_source": null, "ending_balance": 0, "payment_intent": "pi_3QeI1NGpVwhT9fv01sPa4aGT", "receipt_number": null, "account_country": "MX", "account_tax_ids": null, "amount_shipping": 0, "latest_revision": null, "amount_remaining": 0, "customer_address": {"city": null, "line1": null, "line2": null, "state": null, "country": "CO", "postal_code": null}, "customer_tax_ids": [], "paid_out_of_band": false, "payment_settings": {"default_mandate": null, "payment_method_types": null, "payment_method_options": {"card": {"request_three_d_secure": "automatic"}, "konbini": null, "acss_debit": null, "bancontact": null, "sepa_debit": null, "us_bank_account": null, "customer_balance": null}}, "shipping_details": null, "starting_balance": 0, "collection_method": "charge_automatically", "customer_shipping": null, "default_tax_rates": [], "total_tax_amounts": [], "hosted_invoice_url": "https://invoice.stripe.com/i/acct_1QP74lGpVwhT9fv0/test_YWNjdF8xUVA3NGxHcFZ3aFQ5ZnYwLF9SWE1rTHE0RWx2NmVleHJCbXNHemFJbkUxc05Pdnk0LDEyNjcxNzMxNg0200lzXNKlwl?s=ap", "status_transitions": {"paid_at": 1736176514, "voided_at": null, "finalized_at": 1736176513, "marked_uncollectible_at": null}, "customer_tax_exempt": "none", "total_excluding_tax": 1500, "next_payment_attempt": null, "statement_descriptor": null, "subscription_details": {"metadata": {}}, "webhooks_delivered_at": 1736176513, "application_fee_amount": null, "default_payment_method": null, "subtotal_excluding_tax": 1500, "total_discount_amounts": [], "last_finalization_error": null, "automatically_finalizes_at": null, "total_pretax_credit_amounts": [], "pre_payment_credit_notes_amount": 0, "post_payment_credit_notes_amount": 0}	\N	\N
cm5l6s0z600009uk1jq7pdkqw	\N	cs_test_a1P3djc80yyqecONmtU9KppXjlOWMQ7Mo1cwVSeKnVSEfCSmxSadNEdpvp	complete	15	usd	cm4sths4i0008g1865nsbbh1l	\N	2025-01-06 15:18:16.818	2025-01-06 15:18:16.818	{"id": "cs_test_a1P3djc80yyqecONmtU9KppXjlOWMQ7Mo1cwVSeKnVSEfCSmxSadNEdpvp", "url": null, "mode": "subscription", "locale": null, "object": "checkout.session", "status": "complete", "consent": null, "created": 1736176671, "invoice": "in_1QeI4HGpVwhT9fv0Fbw42GVM", "ui_mode": "hosted", "currency": "usd", "customer": "cus_RXMn9gArFokqpH", "livemode": false, "metadata": {"userId": "cm4sths4i0008g1865nsbbh1l", "empresaId": "company-001", "subscriptionType": "INTERMEDIO", "checkoutSessionId": "cs_test_a1P3djc80yyqecONmtU9KppXjlOWMQ7Mo1cwVSeKnVSEfCSmxSadNEdpvp"}, "cancel_url": "https://frontend-macro-estetica-pearl.vercel.app/subscription/cancel", "expires_at": 1736263071, "custom_text": {"submit": null, "after_submit": null, "shipping_address": null, "terms_of_service_acceptance": null}, "submit_type": null, "success_url": "https://frontend-macro-estetica-pearl.vercel.app/subscription/success", "amount_total": 1500, "payment_link": null, "setup_intent": null, "subscription": "sub_1QeI4HGpVwhT9fv0cDHrApK2", "automatic_tax": {"status": null, "enabled": false, "liability": null}, "client_secret": null, "custom_fields": [], "shipping_cost": null, "total_details": {"amount_tax": 0, "amount_discount": 0, "amount_shipping": 0}, "customer_email": "joaquin.elia@hotmail.com", "payment_intent": null, "payment_status": "paid", "recovered_from": null, "amount_subtotal": 1500, "adaptive_pricing": null, "after_expiration": null, "customer_details": {"name": "Joaquin prueba", "email": "joaquin.elia@hotmail.com", "phone": null, "address": {"city": null, "line1": null, "line2": null, "state": null, "country": "AR", "postal_code": null}, "tax_ids": [], "tax_exempt": "none"}, "invoice_creation": null, "shipping_details": null, "shipping_options": [], "customer_creation": "always", "consent_collection": null, "client_reference_id": null, "currency_conversion": null, "payment_method_types": ["card"], "allow_promotion_codes": null, "payment_method_options": {"card": {"request_three_d_secure": "automatic"}}, "phone_number_collection": {"enabled": false}, "payment_method_collection": "always", "billing_address_collection": null, "shipping_address_collection": null, "saved_payment_method_options": {"payment_method_save": null, "payment_method_remove": null, "allow_redisplay_filters": ["always"]}, "payment_method_configuration_details": null}	\N	\N
cm5l6s1hc00019uk1m3ztev9e	pi_3QeI4HGpVwhT9fv00MmEICpq	\N	paid	15	usd	\N	\N	2025-01-06 15:18:17.473	2025-01-06 15:18:17.473	{"id": "in_1QeI4HGpVwhT9fv0Fbw42GVM", "tax": null, "paid": true, "lines": {"url": "/v1/invoices/in_1QeI4HGpVwhT9fv0Fbw42GVM/lines", "data": [{"id": "il_1QeI4HGpVwhT9fv0wD3JgE9N", "plan": {"id": "price_1QeI3vGpVwhT9fv0EMEOdYqk", "meter": null, "active": false, "amount": 1500, "object": "plan", "created": 1736176671, "product": "prod_RXMNNeSHMcjVMz", "currency": "usd", "interval": "month", "livemode": false, "metadata": {}, "nickname": null, "tiers_mode": null, "usage_type": "licensed", "amount_decimal": "1500", "billing_scheme": "per_unit", "interval_count": 1, "aggregate_usage": null, "transform_usage": null, "trial_period_days": null}, "type": "subscription", "price": {"id": "price_1QeI3vGpVwhT9fv0EMEOdYqk", "type": "recurring", "active": false, "object": "price", "created": 1736176671, "product": "prod_RXMNNeSHMcjVMz", "currency": "usd", "livemode": false, "metadata": {}, "nickname": null, "recurring": {"meter": null, "interval": "month", "usage_type": "licensed", "interval_count": 1, "aggregate_usage": null, "trial_period_days": null}, "lookup_key": null, "tiers_mode": null, "unit_amount": 1500, "tax_behavior": "unspecified", "billing_scheme": "per_unit", "custom_unit_amount": null, "transform_quantity": null, "unit_amount_decimal": "1500"}, "amount": 1500, "object": "line_item", "period": {"end": 1738855093, "start": 1736176693}, "invoice": "in_1QeI4HGpVwhT9fv0Fbw42GVM", "currency": "usd", "livemode": false, "metadata": {}, "quantity": 1, "discounts": [], "proration": false, "tax_rates": [], "description": "1 × Suscripción INTERMEDIO (at $15.00 / month)", "tax_amounts": [], "discountable": true, "subscription": "sub_1QeI4HGpVwhT9fv0cDHrApK2", "discount_amounts": [], "proration_details": {"credited_items": null}, "subscription_item": "si_RXMn5ylKdPBuTU", "amount_excluding_tax": 1500, "pretax_credit_amounts": [], "unit_amount_excluding_tax": "1500"}], "object": "list", "has_more": false, "total_count": 1}, "quote": null, "total": 1500, "charge": "ch_3QeI4HGpVwhT9fv00PqBJJvi", "footer": null, "issuer": {"type": "self"}, "number": "2FB3987C-0001", "object": "invoice", "status": "paid", "created": 1736176693, "currency": "usd", "customer": "cus_RXMn9gArFokqpH", "discount": null, "due_date": null, "livemode": false, "metadata": {}, "subtotal": 1500, "attempted": true, "discounts": [], "rendering": null, "amount_due": 1500, "period_end": 1736176693, "test_clock": null, "amount_paid": 1500, "application": null, "description": null, "invoice_pdf": "https://pay.stripe.com/invoice/acct_1QP74lGpVwhT9fv0/test_YWNjdF8xUVA3NGxHcFZ3aFQ5ZnYwLF9SWE1uclFRRVFFYzIxdnJCdDJIaGFKeks1UlgwZVU5LDEyNjcxNzQ5Ng0200PGzbxvkC/pdf?s=ap", "account_name": "Macroestetica", "auto_advance": false, "effective_at": 1736176693, "from_invoice": null, "on_behalf_of": null, "period_start": 1736176693, "subscription": "sub_1QeI4HGpVwhT9fv0cDHrApK2", "attempt_count": 1, "automatic_tax": {"status": null, "enabled": false, "liability": null, "disabled_reason": null}, "custom_fields": null, "customer_name": "Joaquin prueba", "shipping_cost": null, "transfer_data": null, "billing_reason": "subscription_create", "customer_email": "joaquin.elia@hotmail.com", "customer_phone": null, "default_source": null, "ending_balance": 0, "payment_intent": "pi_3QeI4HGpVwhT9fv00MmEICpq", "receipt_number": null, "account_country": "MX", "account_tax_ids": null, "amount_shipping": 0, "latest_revision": null, "amount_remaining": 0, "customer_address": {"city": null, "line1": null, "line2": null, "state": null, "country": "AR", "postal_code": null}, "customer_tax_ids": [], "paid_out_of_band": false, "payment_settings": {"default_mandate": null, "payment_method_types": null, "payment_method_options": {"card": {"request_three_d_secure": "automatic"}, "konbini": null, "acss_debit": null, "bancontact": null, "sepa_debit": null, "us_bank_account": null, "customer_balance": null}}, "shipping_details": null, "starting_balance": 0, "collection_method": "charge_automatically", "customer_shipping": null, "default_tax_rates": [], "total_tax_amounts": [], "hosted_invoice_url": "https://invoice.stripe.com/i/acct_1QP74lGpVwhT9fv0/test_YWNjdF8xUVA3NGxHcFZ3aFQ5ZnYwLF9SWE1uclFRRVFFYzIxdnJCdDJIaGFKeks1UlgwZVU5LDEyNjcxNzQ5Ng0200PGzbxvkC?s=ap", "status_transitions": {"paid_at": 1736176695, "voided_at": null, "finalized_at": 1736176693, "marked_uncollectible_at": null}, "customer_tax_exempt": "none", "total_excluding_tax": 1500, "next_payment_attempt": null, "statement_descriptor": null, "subscription_details": {"metadata": {}}, "webhooks_delivered_at": 1736176693, "application_fee_amount": null, "default_payment_method": null, "subtotal_excluding_tax": 1500, "total_discount_amounts": [], "last_finalization_error": null, "automatically_finalizes_at": null, "total_pretax_credit_amounts": [], "pre_payment_credit_notes_amount": 0, "post_payment_credit_notes_amount": 0}	\N	\N
cm5ldldl700029uk19nkupvso	\N	cs_test_a1V4RpuCgD2M32eTrB4T9uItRR72cTtQ7YcXrFO0u9mYJvLiBigi4BTIDU	complete	30	usd	user-001	\N	2025-01-06 18:29:03.833	2025-01-06 18:29:03.833	{"id": "cs_test_a1V4RpuCgD2M32eTrB4T9uItRR72cTtQ7YcXrFO0u9mYJvLiBigi4BTIDU", "url": null, "mode": "subscription", "locale": null, "object": "checkout.session", "status": "complete", "consent": null, "created": 1736187946, "invoice": "in_1QeL2uGpVwhT9fv0pSzCSLsE", "ui_mode": "hosted", "currency": "usd", "customer": "cus_RXPsaGjzPaVVKo", "livemode": false, "metadata": {"userId": "user-001", "empresaId": "company-001", "subscriptionType": "PREMIUM", "checkoutSessionId": "cs_test_a1V4RpuCgD2M32eTrB4T9uItRR72cTtQ7YcXrFO0u9mYJvLiBigi4BTIDU"}, "cancel_url": "http://localhost:3001/subscription/cancel", "expires_at": 1736274346, "custom_text": {"submit": null, "after_submit": null, "shipping_address": null, "terms_of_service_acceptance": null}, "submit_type": null, "success_url": "http://localhost:3001/subscription/success", "amount_total": 3000, "payment_link": null, "setup_intent": null, "subscription": "sub_1QeL2uGpVwhT9fv0FSEjjChH", "automatic_tax": {"status": null, "enabled": false, "liability": null}, "client_secret": null, "custom_fields": [], "shipping_cost": null, "total_details": {"amount_tax": 0, "amount_discount": 0, "amount_shipping": 0}, "customer_email": "joaquin.elia@hotmail.com", "payment_intent": null, "payment_status": "paid", "recovered_from": null, "amount_subtotal": 3000, "adaptive_pricing": null, "after_expiration": null, "customer_details": {"name": "jairo", "email": "joaquin.elia@hotmail.com", "phone": null, "address": {"city": null, "line1": null, "line2": null, "state": null, "country": "CO", "postal_code": null}, "tax_ids": [], "tax_exempt": "none"}, "invoice_creation": null, "shipping_details": null, "shipping_options": [], "customer_creation": "always", "consent_collection": null, "client_reference_id": null, "currency_conversion": null, "payment_method_types": ["card"], "allow_promotion_codes": null, "payment_method_options": {"card": {"request_three_d_secure": "automatic"}}, "phone_number_collection": {"enabled": false}, "payment_method_collection": "always", "billing_address_collection": null, "shipping_address_collection": null, "saved_payment_method_options": {"payment_method_save": null, "payment_method_remove": null, "allow_redisplay_filters": ["always"]}, "payment_method_configuration_details": null}	\N	\N
cm5ldlebx00039uk1mp4qle1b	pi_3QeL2vGpVwhT9fv00Adl1Qcc	\N	paid	30	usd	\N	\N	2025-01-06 18:29:04.846	2025-01-06 18:29:04.846	{"id": "in_1QeL2uGpVwhT9fv0pSzCSLsE", "tax": null, "paid": true, "lines": {"url": "/v1/invoices/in_1QeL2uGpVwhT9fv0pSzCSLsE/lines", "data": [{"id": "il_1QeL2uGpVwhT9fv0r0LxveCc", "plan": {"id": "price_1QeKzmGpVwhT9fv0y2RvIwBe", "meter": null, "active": false, "amount": 3000, "object": "plan", "created": 1736187946, "product": "prod_RXMN5VLiFQoRHz", "currency": "usd", "interval": "month", "livemode": false, "metadata": {}, "nickname": null, "tiers_mode": null, "usage_type": "licensed", "amount_decimal": "3000", "billing_scheme": "per_unit", "interval_count": 1, "aggregate_usage": null, "transform_usage": null, "trial_period_days": null}, "type": "subscription", "price": {"id": "price_1QeKzmGpVwhT9fv0y2RvIwBe", "type": "recurring", "active": false, "object": "price", "created": 1736187946, "product": "prod_RXMN5VLiFQoRHz", "currency": "usd", "livemode": false, "metadata": {}, "nickname": null, "recurring": {"meter": null, "interval": "month", "usage_type": "licensed", "interval_count": 1, "aggregate_usage": null, "trial_period_days": null}, "lookup_key": null, "tiers_mode": null, "unit_amount": 3000, "tax_behavior": "unspecified", "billing_scheme": "per_unit", "custom_unit_amount": null, "transform_quantity": null, "unit_amount_decimal": "3000"}, "amount": 3000, "object": "line_item", "period": {"end": 1738866540, "start": 1736188140}, "invoice": "in_1QeL2uGpVwhT9fv0pSzCSLsE", "currency": "usd", "livemode": false, "metadata": {}, "quantity": 1, "discounts": [], "proration": false, "tax_rates": [], "description": "1 × Suscripción PREMIUM (at $30.00 / month)", "tax_amounts": [], "discountable": true, "subscription": "sub_1QeL2uGpVwhT9fv0FSEjjChH", "discount_amounts": [], "proration_details": {"credited_items": null}, "subscription_item": "si_RXPslkOons43XV", "amount_excluding_tax": 3000, "pretax_credit_amounts": [], "unit_amount_excluding_tax": "3000"}], "object": "list", "has_more": false, "total_count": 1}, "quote": null, "total": 3000, "charge": "ch_3QeL2vGpVwhT9fv00Fb1w1FL", "footer": null, "issuer": {"type": "self"}, "number": "DDF3C03E-0001", "object": "invoice", "status": "paid", "created": 1736188140, "currency": "usd", "customer": "cus_RXPsaGjzPaVVKo", "discount": null, "due_date": null, "livemode": false, "metadata": {}, "subtotal": 3000, "attempted": true, "discounts": [], "rendering": null, "amount_due": 3000, "period_end": 1736188140, "test_clock": null, "amount_paid": 3000, "application": null, "description": null, "invoice_pdf": "https://pay.stripe.com/invoice/acct_1QP74lGpVwhT9fv0/test_YWNjdF8xUVA3NGxHcFZ3aFQ5ZnYwLF9SWFBzSzE4Wk0zaTdIVEE4ZTNXbnJXMWVBU3MweVlrLDEyNjcyODk0NA0200gmfVMCIT/pdf?s=ap", "account_name": "Macroestetica", "auto_advance": false, "effective_at": 1736188140, "from_invoice": null, "on_behalf_of": null, "period_start": 1736188140, "subscription": "sub_1QeL2uGpVwhT9fv0FSEjjChH", "attempt_count": 1, "automatic_tax": {"status": null, "enabled": false, "liability": null, "disabled_reason": null}, "custom_fields": null, "customer_name": "jairo", "shipping_cost": null, "transfer_data": null, "billing_reason": "subscription_create", "customer_email": "joaquin.elia@hotmail.com", "customer_phone": null, "default_source": null, "ending_balance": 0, "payment_intent": "pi_3QeL2vGpVwhT9fv00Adl1Qcc", "receipt_number": null, "account_country": "MX", "account_tax_ids": null, "amount_shipping": 0, "latest_revision": null, "amount_remaining": 0, "customer_address": {"city": null, "line1": null, "line2": null, "state": null, "country": "CO", "postal_code": null}, "customer_tax_ids": [], "paid_out_of_band": false, "payment_settings": {"default_mandate": null, "payment_method_types": null, "payment_method_options": {"card": {"request_three_d_secure": "automatic"}, "konbini": null, "acss_debit": null, "bancontact": null, "sepa_debit": null, "us_bank_account": null, "customer_balance": null}}, "shipping_details": null, "starting_balance": 0, "collection_method": "charge_automatically", "customer_shipping": null, "default_tax_rates": [], "total_tax_amounts": [], "hosted_invoice_url": "https://invoice.stripe.com/i/acct_1QP74lGpVwhT9fv0/test_YWNjdF8xUVA3NGxHcFZ3aFQ5ZnYwLF9SWFBzSzE4Wk0zaTdIVEE4ZTNXbnJXMWVBU3MweVlrLDEyNjcyODk0NA0200gmfVMCIT?s=ap", "status_transitions": {"paid_at": 1736188142, "voided_at": null, "finalized_at": 1736188140, "marked_uncollectible_at": null}, "customer_tax_exempt": "none", "total_excluding_tax": 3000, "next_payment_attempt": null, "statement_descriptor": null, "subscription_details": {"metadata": {}}, "webhooks_delivered_at": 1736188140, "application_fee_amount": null, "default_payment_method": null, "subtotal_excluding_tax": 3000, "total_discount_amounts": [], "last_finalization_error": null, "automatically_finalizes_at": null, "total_pretax_credit_amounts": [], "pre_payment_credit_notes_amount": 0, "post_payment_credit_notes_amount": 0}	\N	\N
cm5le52wu00049uk10rfh9kdp	\N	cs_test_a1mii4DYbfZVxQzn1LDlIRaloDCShEFdHtXuhH1irvS5CYDxJI7bxPrFfW	complete	30	usd	user-001	\N	2025-01-06 18:44:23.167	2025-01-06 18:44:23.167	{"id": "cs_test_a1mii4DYbfZVxQzn1LDlIRaloDCShEFdHtXuhH1irvS5CYDxJI7bxPrFfW", "url": null, "mode": "subscription", "locale": null, "object": "checkout.session", "status": "complete", "consent": null, "created": 1736189021, "invoice": "in_1QeLHjGpVwhT9fv0KA1N53dP", "ui_mode": "hosted", "currency": "usd", "customer": "cus_RXQ7P6FX4LFTkZ", "livemode": false, "metadata": {"userId": "user-001", "empresaId": "company-001", "subscriptionType": "PREMIUM", "checkoutSessionId": "cs_test_a1mii4DYbfZVxQzn1LDlIRaloDCShEFdHtXuhH1irvS5CYDxJI7bxPrFfW"}, "cancel_url": "http://localhost:3001/subscription/cancel", "expires_at": 1736275421, "custom_text": {"submit": null, "after_submit": null, "shipping_address": null, "terms_of_service_acceptance": null}, "submit_type": null, "success_url": "http://localhost:3001/subscription/success", "amount_total": 3000, "payment_link": null, "setup_intent": null, "subscription": "sub_1QeLHjGpVwhT9fv05vctRgpo", "automatic_tax": {"status": null, "enabled": false, "liability": null}, "client_secret": null, "custom_fields": [], "shipping_cost": null, "total_details": {"amount_tax": 0, "amount_discount": 0, "amount_shipping": 0}, "customer_email": "joaquin.elia@hotmail.com", "payment_intent": null, "payment_status": "paid", "recovered_from": null, "amount_subtotal": 3000, "adaptive_pricing": null, "after_expiration": null, "customer_details": {"name": "jairo", "email": "joaquin.elia@hotmail.com", "phone": null, "address": {"city": null, "line1": null, "line2": null, "state": null, "country": "CO", "postal_code": null}, "tax_ids": [], "tax_exempt": "none"}, "invoice_creation": null, "shipping_details": null, "shipping_options": [], "customer_creation": "always", "consent_collection": null, "client_reference_id": null, "currency_conversion": null, "payment_method_types": ["card"], "allow_promotion_codes": null, "payment_method_options": {"card": {"request_three_d_secure": "automatic"}}, "phone_number_collection": {"enabled": false}, "payment_method_collection": "always", "billing_address_collection": null, "shipping_address_collection": null, "saved_payment_method_options": {"payment_method_save": null, "payment_method_remove": null, "allow_redisplay_filters": ["always"]}, "payment_method_configuration_details": null}	\N	\N
cm5le53aj00059uk1mug8qjbf	pi_3QeLHkGpVwhT9fv001dJC2Y4	\N	paid	30	usd	\N	\N	2025-01-06 18:44:23.659	2025-01-06 18:44:23.659	{"id": "in_1QeLHjGpVwhT9fv0KA1N53dP", "tax": null, "paid": true, "lines": {"url": "/v1/invoices/in_1QeLHjGpVwhT9fv0KA1N53dP/lines", "data": [{"id": "il_1QeLHjGpVwhT9fv0nfmUYy4Q", "plan": {"id": "price_1QeLH7GpVwhT9fv0j94ngVa6", "meter": null, "active": false, "amount": 3000, "object": "plan", "created": 1736189021, "product": "prod_RXMN5VLiFQoRHz", "currency": "usd", "interval": "month", "livemode": false, "metadata": {}, "nickname": null, "tiers_mode": null, "usage_type": "licensed", "amount_decimal": "3000", "billing_scheme": "per_unit", "interval_count": 1, "aggregate_usage": null, "transform_usage": null, "trial_period_days": null}, "type": "subscription", "price": {"id": "price_1QeLH7GpVwhT9fv0j94ngVa6", "type": "recurring", "active": false, "object": "price", "created": 1736189021, "product": "prod_RXMN5VLiFQoRHz", "currency": "usd", "livemode": false, "metadata": {}, "nickname": null, "recurring": {"meter": null, "interval": "month", "usage_type": "licensed", "interval_count": 1, "aggregate_usage": null, "trial_period_days": null}, "lookup_key": null, "tiers_mode": null, "unit_amount": 3000, "tax_behavior": "unspecified", "billing_scheme": "per_unit", "custom_unit_amount": null, "transform_quantity": null, "unit_amount_decimal": "3000"}, "amount": 3000, "object": "line_item", "period": {"end": 1738867459, "start": 1736189059}, "invoice": "in_1QeLHjGpVwhT9fv0KA1N53dP", "currency": "usd", "livemode": false, "metadata": {}, "quantity": 1, "discounts": [], "proration": false, "tax_rates": [], "description": "1 × Suscripción PREMIUM (at $30.00 / month)", "tax_amounts": [], "discountable": true, "subscription": "sub_1QeLHjGpVwhT9fv05vctRgpo", "discount_amounts": [], "proration_details": {"credited_items": null}, "subscription_item": "si_RXQ7itw0PwP2G5", "amount_excluding_tax": 3000, "pretax_credit_amounts": [], "unit_amount_excluding_tax": "3000"}], "object": "list", "has_more": false, "total_count": 1}, "quote": null, "total": 3000, "charge": "ch_3QeLHkGpVwhT9fv00YuR0f1a", "footer": null, "issuer": {"type": "self"}, "number": "DEB2F129-0001", "object": "invoice", "status": "paid", "created": 1736189059, "currency": "usd", "customer": "cus_RXQ7P6FX4LFTkZ", "discount": null, "due_date": null, "livemode": false, "metadata": {}, "subtotal": 3000, "attempted": true, "discounts": [], "rendering": null, "amount_due": 3000, "period_end": 1736189059, "test_clock": null, "amount_paid": 3000, "application": null, "description": null, "invoice_pdf": "https://pay.stripe.com/invoice/acct_1QP74lGpVwhT9fv0/test_YWNjdF8xUVA3NGxHcFZ3aFQ5ZnYwLF9SWFE3djVaNkZvMlZ2RnZURzFQczhKWENJZXRzbjRuLDEyNjcyOTg2Mw0200v7UQqVex/pdf?s=ap", "account_name": "Macroestetica", "auto_advance": false, "effective_at": 1736189059, "from_invoice": null, "on_behalf_of": null, "period_start": 1736189059, "subscription": "sub_1QeLHjGpVwhT9fv05vctRgpo", "attempt_count": 1, "automatic_tax": {"status": null, "enabled": false, "liability": null, "disabled_reason": null}, "custom_fields": null, "customer_name": "jairo", "shipping_cost": null, "transfer_data": null, "billing_reason": "subscription_create", "customer_email": "joaquin.elia@hotmail.com", "customer_phone": null, "default_source": null, "ending_balance": 0, "payment_intent": "pi_3QeLHkGpVwhT9fv001dJC2Y4", "receipt_number": null, "account_country": "MX", "account_tax_ids": null, "amount_shipping": 0, "latest_revision": null, "amount_remaining": 0, "customer_address": {"city": null, "line1": null, "line2": null, "state": null, "country": "CO", "postal_code": null}, "customer_tax_ids": [], "paid_out_of_band": false, "payment_settings": {"default_mandate": null, "payment_method_types": null, "payment_method_options": {"card": {"request_three_d_secure": "automatic"}, "konbini": null, "acss_debit": null, "bancontact": null, "sepa_debit": null, "us_bank_account": null, "customer_balance": null}}, "shipping_details": null, "starting_balance": 0, "collection_method": "charge_automatically", "customer_shipping": null, "default_tax_rates": [], "total_tax_amounts": [], "hosted_invoice_url": "https://invoice.stripe.com/i/acct_1QP74lGpVwhT9fv0/test_YWNjdF8xUVA3NGxHcFZ3aFQ5ZnYwLF9SWFE3djVaNkZvMlZ2RnZURzFQczhKWENJZXRzbjRuLDEyNjcyOTg2Mw0200v7UQqVex?s=ap", "status_transitions": {"paid_at": 1736189061, "voided_at": null, "finalized_at": 1736189059, "marked_uncollectible_at": null}, "customer_tax_exempt": "none", "total_excluding_tax": 3000, "next_payment_attempt": null, "statement_descriptor": null, "subscription_details": {"metadata": {}}, "webhooks_delivered_at": 1736189059, "application_fee_amount": null, "default_payment_method": null, "subtotal_excluding_tax": 3000, "total_discount_amounts": [], "last_finalization_error": null, "automatically_finalizes_at": null, "total_pretax_credit_amounts": [], "pre_payment_credit_notes_amount": 0, "post_payment_credit_notes_amount": 0}	\N	\N
cm5phslu70000qrqvy4awsiew	\N	cs_test_a1IrFYqRMchLznHnIQUOF8QdBA9Q9yCOyS5u1WFekbbY828ZtiMhGZotPa	complete	20	usd	cm4sths4i0008g1865nsbbh1l	\N	2025-01-09 15:37:44.335	2025-01-09 15:37:44.335	{"id": "cs_test_a1IrFYqRMchLznHnIQUOF8QdBA9Q9yCOyS5u1WFekbbY828ZtiMhGZotPa", "url": null, "mode": "subscription", "locale": null, "object": "checkout.session", "status": "complete", "consent": null, "created": 1736436877, "invoice": "in_1QfNnlGpVwhT9fv0atIrsvWg", "ui_mode": "hosted", "currency": "usd", "customer": "cus_RYUnuLtZjkZ9Wn", "livemode": false, "metadata": {"userId": "cm4sths4i0008g1865nsbbh1l", "subscriptionType": "update", "checkoutSessionId": "cs_test_a1IrFYqRMchLznHnIQUOF8QdBA9Q9yCOyS5u1WFekbbY828ZtiMhGZotPa"}, "cancel_url": "http://localhost:3001/user-subscription/cancel", "expires_at": 1736523277, "custom_text": {"submit": null, "after_submit": null, "shipping_address": null, "terms_of_service_acceptance": null}, "submit_type": null, "success_url": "http://localhost:3001/user-subscription/success", "amount_total": 2000, "payment_link": null, "setup_intent": null, "subscription": "sub_1QfNnlGpVwhT9fv0YVgCheN4", "automatic_tax": {"status": null, "enabled": false, "liability": null}, "client_secret": null, "custom_fields": [], "shipping_cost": null, "total_details": {"amount_tax": 0, "amount_discount": 0, "amount_shipping": 0}, "customer_email": "joaquin.elia@hotmail.com", "payment_intent": null, "payment_status": "paid", "recovered_from": null, "amount_subtotal": 2000, "adaptive_pricing": null, "after_expiration": null, "customer_details": {"name": "jairo", "email": "joaquin.elia@hotmail.com", "phone": null, "address": {"city": null, "line1": null, "line2": null, "state": null, "country": "CO", "postal_code": null}, "tax_ids": [], "tax_exempt": "none"}, "invoice_creation": null, "shipping_details": null, "shipping_options": [], "customer_creation": "always", "consent_collection": null, "client_reference_id": null, "currency_conversion": null, "payment_method_types": ["card"], "allow_promotion_codes": null, "payment_method_options": {"card": {"request_three_d_secure": "automatic"}}, "phone_number_collection": {"enabled": false}, "payment_method_collection": "always", "billing_address_collection": null, "shipping_address_collection": null, "saved_payment_method_options": {"payment_method_save": null, "payment_method_remove": null, "allow_redisplay_filters": ["always"]}, "payment_method_configuration_details": null}	\N	\N
cm5yovd6r0000uexvarkug07r	pi_3QhiSqGpVwhT9fv01vo18bIO	cs_test_a1sUBhHvEa8RBcKLkmnyNx5za2qYKZRh74cvZX9UCPeakfM1uPJZrfYaNQ	complete	210	usd	cm4slavoi0003g186bm5xpbvj	28b5f40f-d9d1-4651-8183-105b0eaf22e1	2025-01-16 02:05:45.987	2025-01-16 02:05:45.987	{"id": "cs_test_a1sUBhHvEa8RBcKLkmnyNx5za2qYKZRh74cvZX9UCPeakfM1uPJZrfYaNQ", "url": null, "mode": "payment", "locale": null, "object": "checkout.session", "status": "complete", "consent": null, "created": 1736993109, "invoice": null, "ui_mode": "hosted", "currency": "usd", "customer": null, "livemode": false, "metadata": {"userId": "cm4slavoi0003g186bm5xpbvj", "courseId": "28b5f40f-d9d1-4651-8183-105b0eaf22e1", "checkoutSessionId": "cs_test_a1sUBhHvEa8RBcKLkmnyNx5za2qYKZRh74cvZX9UCPeakfM1uPJZrfYaNQ"}, "cancel_url": "https://frontend-macro-estetica-pearl.vercel.app/payment/cancel", "expires_at": 1737079509, "custom_text": {"submit": null, "after_submit": null, "shipping_address": null, "terms_of_service_acceptance": null}, "submit_type": null, "success_url": "https://frontend-macro-estetica-pearl.vercel.app/payment/success", "amount_total": 21000, "payment_link": null, "setup_intent": null, "subscription": null, "automatic_tax": {"status": null, "enabled": false, "liability": null}, "client_secret": null, "custom_fields": [], "shipping_cost": null, "total_details": {"amount_tax": 0, "amount_discount": 0, "amount_shipping": 0}, "customer_email": "nahuel.rivas.dev@gmail.com", "payment_intent": "pi_3QhiSqGpVwhT9fv01vo18bIO", "payment_status": "paid", "recovered_from": null, "amount_subtotal": 21000, "adaptive_pricing": {"enabled": false}, "after_expiration": null, "customer_details": {"name": "Nahuel Rivas", "email": "nahuel.rivas.dev@gmail.com", "phone": null, "address": {"city": null, "line1": null, "line2": null, "state": null, "country": "AR", "postal_code": null}, "tax_ids": [], "tax_exempt": "none"}, "invoice_creation": {"enabled": false, "invoice_data": {"footer": null, "issuer": null, "metadata": {}, "description": null, "custom_fields": null, "account_tax_ids": null, "rendering_options": null}}, "shipping_details": null, "shipping_options": [], "customer_creation": "if_required", "consent_collection": null, "client_reference_id": null, "currency_conversion": null, "payment_method_types": ["card"], "allow_promotion_codes": null, "payment_method_options": {"card": {"request_three_d_secure": "automatic"}}, "phone_number_collection": {"enabled": false}, "payment_method_collection": "if_required", "billing_address_collection": null, "shipping_address_collection": null, "saved_payment_method_options": null, "payment_method_configuration_details": null}	\N	\N
cm6273fpn0001ctyvv87qj7hf	\N	cs_test_a1YYsnyGNRuB4wjA71HsG7OV9kGW1LNpcJ3lIFTylnG3L8UXHt2DMaBLMI	complete	20	usd	cm4slavoi0003g186bm5xpbvj	\N	2025-01-18 12:59:14.123	2025-01-18 12:59:14.123	{"id": "cs_test_a1YYsnyGNRuB4wjA71HsG7OV9kGW1LNpcJ3lIFTylnG3L8UXHt2DMaBLMI", "url": null, "mode": "subscription", "locale": null, "object": "checkout.session", "status": "complete", "consent": null, "created": 1737205126, "invoice": "in_1QibcJGpVwhT9fv0ARjeCQ2z", "ui_mode": "hosted", "currency": "usd", "customer": "cus_RbpGwJjpl5GYfv", "livemode": false, "metadata": {"userId": "cm4slavoi0003g186bm5xpbvj", "subscriptionType": "update", "checkoutSessionId": "cs_test_a1YYsnyGNRuB4wjA71HsG7OV9kGW1LNpcJ3lIFTylnG3L8UXHt2DMaBLMI"}, "cancel_url": "https://frontend-macro-estetica-pearl.vercel.app/user-subscription/cancel", "expires_at": 1737291526, "custom_text": {"submit": null, "after_submit": null, "shipping_address": null, "terms_of_service_acceptance": null}, "submit_type": null, "success_url": "https://frontend-macro-estetica-pearl.vercel.app/user-subscription/success", "amount_total": 2000, "payment_link": null, "setup_intent": null, "subscription": "sub_1QibcJGpVwhT9fv0B0W3Z4C7", "automatic_tax": {"status": null, "enabled": false, "liability": null}, "client_secret": null, "custom_fields": [], "shipping_cost": null, "total_details": {"amount_tax": 0, "amount_discount": 0, "amount_shipping": 0}, "customer_email": "nahuel.rivas.dev@gmail.com", "payment_intent": null, "payment_status": "paid", "recovered_from": null, "amount_subtotal": 2000, "adaptive_pricing": null, "after_expiration": null, "customer_details": {"name": "Nahuel Rivas", "email": "nahuel.rivas.dev@gmail.com", "phone": null, "address": {"city": null, "line1": null, "line2": null, "state": null, "country": "AR", "postal_code": null}, "tax_ids": [], "tax_exempt": "none"}, "invoice_creation": null, "shipping_details": null, "shipping_options": [], "customer_creation": "always", "consent_collection": null, "client_reference_id": null, "currency_conversion": null, "payment_method_types": ["card"], "allow_promotion_codes": null, "payment_method_options": {"card": {"request_three_d_secure": "automatic"}}, "phone_number_collection": {"enabled": false}, "payment_method_collection": "always", "billing_address_collection": null, "shipping_address_collection": null, "saved_payment_method_options": {"payment_method_save": null, "payment_method_remove": null, "allow_redisplay_filters": ["always"]}, "payment_method_configuration_details": null}	\N	\N
cm70hlb670000ru9yyk61ivwy	\N	cs_test_a1NtSqgpPjat6iwKuW2kgwVGn5OvELqEgt3BodNCm29a5oca4PEuzdmQ0p	complete	0	usd	user-001	\N	2025-02-11 12:57:14.172	2025-02-11 12:57:14.172	{"id": "cs_test_a1NtSqgpPjat6iwKuW2kgwVGn5OvELqEgt3BodNCm29a5oca4PEuzdmQ0p", "url": null, "mode": "payment", "locale": null, "object": "checkout.session", "status": "complete", "consent": null, "created": 1739278616, "invoice": null, "ui_mode": "hosted", "currency": "usd", "customer": null, "livemode": false, "metadata": {"userId": "user-001", "eventId": "event-0001", "checkoutSessionId": "cs_test_a1NtSqgpPjat6iwKuW2kgwVGn5OvELqEgt3BodNCm29a5oca4PEuzdmQ0p"}, "discounts": [], "cancel_url": "http://localhost:3001/payment/cancel", "expires_at": 1739365016, "custom_text": {"submit": null, "after_submit": null, "shipping_address": null, "terms_of_service_acceptance": null}, "submit_type": null, "success_url": "http://localhost:3001/payment/success", "amount_total": 0, "payment_link": null, "setup_intent": null, "subscription": null, "automatic_tax": {"status": null, "enabled": false, "liability": null}, "client_secret": null, "custom_fields": [], "shipping_cost": null, "total_details": {"amount_tax": 0, "amount_discount": 0, "amount_shipping": 0}, "customer_email": "gabhack@gmail.com", "payment_intent": null, "payment_status": "paid", "recovered_from": null, "amount_subtotal": 0, "adaptive_pricing": {"enabled": false}, "after_expiration": null, "customer_details": {"name": null, "email": "gabhack@gmail.com", "phone": null, "address": null, "tax_ids": [], "tax_exempt": "none"}, "invoice_creation": {"enabled": false, "invoice_data": {"footer": null, "issuer": null, "metadata": {}, "description": null, "custom_fields": null, "account_tax_ids": null, "rendering_options": null}}, "shipping_details": null, "shipping_options": [], "customer_creation": "if_required", "consent_collection": null, "client_reference_id": null, "currency_conversion": null, "payment_method_types": ["card"], "allow_promotion_codes": null, "payment_method_options": {"card": {"request_three_d_secure": "automatic"}}, "phone_number_collection": {"enabled": false}, "payment_method_collection": "if_required", "billing_address_collection": null, "shipping_address_collection": null, "saved_payment_method_options": null, "payment_method_configuration_details": null}	\N	\N
cm72ftf3i0000hc1zziahj8jm	pi_3QrnhzGpVwhT9fv01XBp7P8m	cs_test_a1B4PVuZHIYn0uZqBHzrV4ogZB1MLw2pIGnmb2bdRX2nUyAbVgNt5kutfz	complete	500	usd	cm4sths4i0008g1865nsbbh1l	\N	2025-02-12 21:43:05.594	2025-02-12 21:43:05.594	{"id": "cs_test_a1B4PVuZHIYn0uZqBHzrV4ogZB1MLw2pIGnmb2bdRX2nUyAbVgNt5kutfz", "url": null, "mode": "payment", "locale": null, "object": "checkout.session", "status": "complete", "consent": null, "created": 1739396357, "invoice": null, "ui_mode": "hosted", "currency": "usd", "customer": null, "livemode": false, "metadata": {"userId": "cm4sths4i0008g1865nsbbh1l", "eventId": "event-0001", "checkoutSessionId": "cs_test_a1B4PVuZHIYn0uZqBHzrV4ogZB1MLw2pIGnmb2bdRX2nUyAbVgNt5kutfz"}, "discounts": [], "cancel_url": "https://frontend-macro-estetica-pearl.vercel.app/payment/cancel", "expires_at": 1739482757, "custom_text": {"submit": null, "after_submit": null, "shipping_address": null, "terms_of_service_acceptance": null}, "submit_type": null, "success_url": "https://frontend-macro-estetica-pearl.vercel.app/payment/success", "amount_total": 50000, "payment_link": null, "setup_intent": null, "subscription": null, "automatic_tax": {"status": null, "enabled": false, "liability": null}, "client_secret": null, "custom_fields": [], "shipping_cost": null, "total_details": {"amount_tax": 0, "amount_discount": 0, "amount_shipping": 0}, "customer_email": "joaquin.elia@hotmail.com", "payment_intent": "pi_3QrnhzGpVwhT9fv01XBp7P8m", "payment_status": "paid", "recovered_from": null, "amount_subtotal": 50000, "adaptive_pricing": {"enabled": false}, "after_expiration": null, "customer_details": {"name": "Joaquin prueba", "email": "joaquin.elia@hotmail.com", "phone": null, "address": {"city": null, "line1": null, "line2": null, "state": null, "country": "AR", "postal_code": null}, "tax_ids": [], "tax_exempt": "none"}, "invoice_creation": {"enabled": false, "invoice_data": {"footer": null, "issuer": null, "metadata": {}, "description": null, "custom_fields": null, "account_tax_ids": null, "rendering_options": null}}, "shipping_details": null, "shipping_options": [], "customer_creation": "if_required", "consent_collection": null, "client_reference_id": null, "currency_conversion": null, "payment_method_types": ["card"], "allow_promotion_codes": null, "payment_method_options": {"card": {"request_three_d_secure": "automatic"}}, "phone_number_collection": {"enabled": false}, "payment_method_collection": "if_required", "billing_address_collection": null, "shipping_address_collection": null, "saved_payment_method_options": null, "payment_method_configuration_details": null}	\N	\N
cm7v0rk8g0000ho8txphph4i7	pi_3Qz3IoGpVwhT9fv01cyq1axB	cs_test_a1APTu8eAyofhJGZXemvQtppeJCFDdeMZcaqM5q3CkKD9Ox8JwJ35wEOTV	complete	500	usd	cm4sths4i0008g1865nsbbh1l	\N	2025-03-04 21:47:03.856	2025-03-04 21:47:03.856	{"id": "cs_test_a1APTu8eAyofhJGZXemvQtppeJCFDdeMZcaqM5q3CkKD9Ox8JwJ35wEOTV", "url": null, "mode": "payment", "locale": null, "object": "checkout.session", "status": "complete", "consent": null, "created": 1741124736, "invoice": null, "ui_mode": "hosted", "currency": "usd", "customer": null, "livemode": false, "metadata": {"userId": "cm4sths4i0008g1865nsbbh1l", "workshopId": "workshop-001", "checkoutSessionId": "cs_test_a1APTu8eAyofhJGZXemvQtppeJCFDdeMZcaqM5q3CkKD9Ox8JwJ35wEOTV"}, "discounts": [], "cancel_url": "https://frontend-macro-estetica-pearl.vercel.app/payment/cancel", "expires_at": 1741211136, "custom_text": {"submit": null, "after_submit": null, "shipping_address": null, "terms_of_service_acceptance": null}, "submit_type": null, "success_url": "https://frontend-macro-estetica-pearl.vercel.app/payment/success", "amount_total": 50000, "payment_link": null, "setup_intent": null, "subscription": null, "automatic_tax": {"status": null, "enabled": false, "liability": null}, "client_secret": null, "custom_fields": [], "shipping_cost": null, "total_details": {"amount_tax": 0, "amount_discount": 0, "amount_shipping": 0}, "customer_email": "joaquin.elia@hotmail.com", "payment_intent": "pi_3Qz3IoGpVwhT9fv01cyq1axB", "payment_status": "paid", "recovered_from": null, "amount_subtotal": 50000, "adaptive_pricing": {"enabled": false}, "after_expiration": null, "customer_details": {"name": "Joaquin workshop", "email": "joaquin.elia@hotmail.com", "phone": null, "address": {"city": null, "line1": null, "line2": null, "state": null, "country": "AR", "postal_code": null}, "tax_ids": [], "tax_exempt": "none"}, "invoice_creation": {"enabled": false, "invoice_data": {"footer": null, "issuer": null, "metadata": {}, "description": null, "custom_fields": null, "account_tax_ids": null, "rendering_options": null}}, "shipping_options": [], "customer_creation": "if_required", "consent_collection": null, "client_reference_id": null, "currency_conversion": null, "payment_method_types": ["card"], "allow_promotion_codes": null, "collected_information": {"shipping_details": null}, "payment_method_options": {"card": {"request_three_d_secure": "automatic"}}, "phone_number_collection": {"enabled": false}, "payment_method_collection": "if_required", "billing_address_collection": null, "shipping_address_collection": null, "saved_payment_method_options": null, "payment_method_configuration_details": null}	\N	\N
cm7wee3aw0008ho8t1nr8a92k	pi_3QzOzCGpVwhT9fv01JQOaH7p	cs_test_a1oJCGeJsWtp6D1ImN78qvTCLRYULYja9K3voajJGEQDQ7GyDIeEzbPTP7	complete	500	usd	cm7wdsxqq0003ho8tdw5flc5h	\N	2025-03-05 20:56:16.184	2025-03-05 20:56:16.184	{"id": "cs_test_a1oJCGeJsWtp6D1ImN78qvTCLRYULYja9K3voajJGEQDQ7GyDIeEzbPTP7", "url": null, "mode": "payment", "locale": null, "object": "checkout.session", "status": "complete", "consent": null, "created": 1741208093, "invoice": null, "ui_mode": "hosted", "currency": "usd", "customer": null, "livemode": false, "metadata": {"userId": "cm7wdsxqq0003ho8tdw5flc5h", "classroomId": "classroom-003", "checkoutSessionId": "cs_test_a1oJCGeJsWtp6D1ImN78qvTCLRYULYja9K3voajJGEQDQ7GyDIeEzbPTP7"}, "discounts": [], "cancel_url": "https://frontend-macro-estetica-pearl.vercel.app/payment/cancel", "expires_at": 1741294492, "custom_text": {"submit": null, "after_submit": null, "shipping_address": null, "terms_of_service_acceptance": null}, "submit_type": null, "success_url": "https://frontend-macro-estetica-pearl.vercel.app/payment/success", "amount_total": 50000, "payment_link": null, "setup_intent": null, "subscription": null, "automatic_tax": {"status": null, "enabled": false, "liability": null}, "client_secret": null, "custom_fields": [], "shipping_cost": null, "total_details": {"amount_tax": 0, "amount_discount": 0, "amount_shipping": 0}, "customer_email": "joaquin.elia+1@hotmail.com", "payment_intent": "pi_3QzOzCGpVwhT9fv01JQOaH7p", "payment_status": "paid", "recovered_from": null, "amount_subtotal": 50000, "adaptive_pricing": {"enabled": false}, "after_expiration": null, "customer_details": {"name": "Joaquin prueba", "email": "joaquin.elia+1@hotmail.com", "phone": null, "address": {"city": null, "line1": null, "line2": null, "state": null, "country": "AR", "postal_code": null}, "tax_ids": [], "tax_exempt": "none"}, "invoice_creation": {"enabled": false, "invoice_data": {"footer": null, "issuer": null, "metadata": {}, "description": null, "custom_fields": null, "account_tax_ids": null, "rendering_options": null}}, "shipping_options": [], "customer_creation": "if_required", "consent_collection": null, "client_reference_id": null, "currency_conversion": null, "payment_method_types": ["card"], "allow_promotion_codes": null, "collected_information": {"shipping_details": null}, "payment_method_options": {"card": {"request_three_d_secure": "automatic"}}, "phone_number_collection": {"enabled": false}, "payment_method_collection": "if_required", "billing_address_collection": null, "shipping_address_collection": null, "saved_payment_method_options": null, "payment_method_configuration_details": null}	\N	\N
cm7whnilt000bho8tkviw4t2f	pi_3QzQPZGpVwhT9fv010v7oifN	cs_test_a1iyqjZ2gpaANTgyD3wjOR1swvsXN1znA6bC2vHCXd6Oqc4CZiQrjojT1o	complete	500	usd	cm4sths4i0008g1865nsbbh1l	\N	2025-03-05 22:27:34.769	2025-03-05 22:27:34.769	{"id": "cs_test_a1iyqjZ2gpaANTgyD3wjOR1swvsXN1znA6bC2vHCXd6Oqc4CZiQrjojT1o", "url": null, "mode": "payment", "locale": null, "object": "checkout.session", "status": "complete", "consent": null, "created": 1741213632, "invoice": null, "ui_mode": "hosted", "currency": "usd", "customer": null, "livemode": false, "metadata": {"userId": "cm4sths4i0008g1865nsbbh1l", "classroomId": "classroom-003", "checkoutSessionId": "cs_test_a1iyqjZ2gpaANTgyD3wjOR1swvsXN1znA6bC2vHCXd6Oqc4CZiQrjojT1o"}, "discounts": [], "cancel_url": "https://frontend-macro-estetica-pearl.vercel.app/payment/cancel", "expires_at": 1741300032, "custom_text": {"submit": null, "after_submit": null, "shipping_address": null, "terms_of_service_acceptance": null}, "submit_type": null, "success_url": "https://frontend-macro-estetica-pearl.vercel.app/payment/success", "amount_total": 50000, "payment_link": null, "setup_intent": null, "subscription": null, "automatic_tax": {"status": null, "enabled": false, "liability": null}, "client_secret": null, "custom_fields": [], "shipping_cost": null, "total_details": {"amount_tax": 0, "amount_discount": 0, "amount_shipping": 0}, "customer_email": "joaquin.elia@hotmail.com", "payment_intent": "pi_3QzQPZGpVwhT9fv010v7oifN", "payment_status": "paid", "recovered_from": null, "amount_subtotal": 50000, "adaptive_pricing": {"enabled": false}, "after_expiration": null, "customer_details": {"name": "Joaquin prueba", "email": "joaquin.elia@hotmail.com", "phone": null, "address": {"city": null, "line1": null, "line2": null, "state": null, "country": "AR", "postal_code": null}, "tax_ids": [], "tax_exempt": "none"}, "invoice_creation": {"enabled": false, "invoice_data": {"footer": null, "issuer": null, "metadata": {}, "description": null, "custom_fields": null, "account_tax_ids": null, "rendering_options": null}}, "shipping_options": [], "customer_creation": "if_required", "consent_collection": null, "client_reference_id": null, "currency_conversion": null, "payment_method_types": ["card"], "allow_promotion_codes": null, "collected_information": {"shipping_details": null}, "payment_method_options": {"card": {"request_three_d_secure": "automatic"}}, "phone_number_collection": {"enabled": false}, "payment_method_collection": "if_required", "billing_address_collection": null, "shipping_address_collection": null, "saved_payment_method_options": null, "payment_method_configuration_details": null}	\N	\N
cm7zhg1ex0000apgkw2wtdmdj	pi_3R0BViGpVwhT9fv00YfsYGA0	cs_test_a1D6CwgVF63N1mq5f15I7CUIhOrAiribrntGdXjAD9T8gAVPUxynUCkZsN	complete	200	usd	cm4sths4i0008g1865nsbbh1l	\N	2025-03-08 00:45:04.425	2025-03-08 00:45:04.425	{"id": "cs_test_a1D6CwgVF63N1mq5f15I7CUIhOrAiribrntGdXjAD9T8gAVPUxynUCkZsN", "url": null, "mode": "payment", "locale": null, "object": "checkout.session", "status": "complete", "consent": null, "created": 1741394681, "invoice": null, "ui_mode": "hosted", "currency": "usd", "customer": null, "livemode": false, "metadata": {"userId": "cm4sths4i0008g1865nsbbh1l", "eventId": "event-0002", "checkoutSessionId": "cs_test_a1D6CwgVF63N1mq5f15I7CUIhOrAiribrntGdXjAD9T8gAVPUxynUCkZsN"}, "discounts": [], "cancel_url": "https://frontend-macro-estetica-pearl.vercel.app/payment/cancel", "expires_at": 1741481081, "custom_text": {"submit": null, "after_submit": null, "shipping_address": null, "terms_of_service_acceptance": null}, "submit_type": null, "success_url": "https://frontend-macro-estetica-pearl.vercel.app/payment/success", "amount_total": 20000, "payment_link": null, "setup_intent": null, "subscription": null, "automatic_tax": {"status": null, "enabled": false, "liability": null}, "client_secret": null, "custom_fields": [], "shipping_cost": null, "total_details": {"amount_tax": 0, "amount_discount": 0, "amount_shipping": 0}, "customer_email": "joaquin.elia@hotmail.com", "payment_intent": "pi_3R0BViGpVwhT9fv00YfsYGA0", "payment_status": "paid", "recovered_from": null, "amount_subtotal": 20000, "adaptive_pricing": {"enabled": false}, "after_expiration": null, "customer_details": {"name": "Joaquin prueba", "email": "joaquin.elia@hotmail.com", "phone": null, "address": {"city": null, "line1": null, "line2": null, "state": null, "country": "AR", "postal_code": null}, "tax_ids": [], "tax_exempt": "none"}, "invoice_creation": {"enabled": false, "invoice_data": {"footer": null, "issuer": null, "metadata": {}, "description": null, "custom_fields": null, "account_tax_ids": null, "rendering_options": null}}, "shipping_details": null, "shipping_options": [], "customer_creation": "if_required", "consent_collection": null, "client_reference_id": null, "currency_conversion": null, "payment_method_types": ["card"], "allow_promotion_codes": null, "collected_information": {"shipping_details": null}, "payment_method_options": {"card": {"request_three_d_secure": "automatic"}}, "phone_number_collection": {"enabled": false}, "payment_method_collection": "if_required", "billing_address_collection": null, "shipping_address_collection": null, "saved_payment_method_options": null, "payment_method_configuration_details": null}	\N	\N
cm83o1nxh000c1267y7xxc8f0	pi_3R1FJaGpVwhT9fv00jhf1dNF	cs_test_a1Lzsln55eAXsGpyKs2mfn7wAyj6eGN9NuksOreIykoFfyGoRjNKnHpdT8	complete	500	usd	cm7wdsxqq0003ho8tdw5flc5h	\N	2025-03-10 23:00:55.782	2025-03-10 23:00:55.782	{"id": "cs_test_a1Lzsln55eAXsGpyKs2mfn7wAyj6eGN9NuksOreIykoFfyGoRjNKnHpdT8", "url": null, "mode": "payment", "locale": null, "object": "checkout.session", "status": "complete", "consent": null, "created": 1741645205, "invoice": null, "ui_mode": "hosted", "currency": "usd", "customer": null, "livemode": false, "metadata": {"userId": "cm7wdsxqq0003ho8tdw5flc5h", "eventId": "event-0001", "checkoutSessionId": "cs_test_a1Lzsln55eAXsGpyKs2mfn7wAyj6eGN9NuksOreIykoFfyGoRjNKnHpdT8"}, "discounts": [], "cancel_url": "https://frontend-macro-estetica-pearl.vercel.app/payment/cancel", "expires_at": 1741731605, "custom_text": {"submit": null, "after_submit": null, "shipping_address": null, "terms_of_service_acceptance": null}, "submit_type": null, "success_url": "https://frontend-macro-estetica-pearl.vercel.app/payment/success", "amount_total": 50000, "payment_link": null, "setup_intent": null, "subscription": null, "automatic_tax": {"status": null, "enabled": false, "liability": null}, "client_secret": null, "custom_fields": [], "shipping_cost": null, "total_details": {"amount_tax": 0, "amount_discount": 0, "amount_shipping": 0}, "customer_email": "joaquin.elia+1@hotmail.com", "payment_intent": "pi_3R1FJaGpVwhT9fv00jhf1dNF", "payment_status": "paid", "recovered_from": null, "amount_subtotal": 50000, "adaptive_pricing": {"enabled": false}, "after_expiration": null, "customer_details": {"name": "Joaquin test", "email": "joaquin.elia+1@hotmail.com", "phone": null, "address": {"city": null, "line1": null, "line2": null, "state": null, "country": "AR", "postal_code": null}, "tax_ids": [], "tax_exempt": "none"}, "invoice_creation": {"enabled": false, "invoice_data": {"footer": null, "issuer": null, "metadata": {}, "description": null, "custom_fields": null, "account_tax_ids": null, "rendering_options": null}}, "shipping_details": null, "shipping_options": [], "customer_creation": "if_required", "consent_collection": null, "client_reference_id": null, "currency_conversion": null, "payment_method_types": ["card"], "allow_promotion_codes": null, "collected_information": {"shipping_details": null}, "payment_method_options": {"card": {"request_three_d_secure": "automatic"}}, "phone_number_collection": {"enabled": false}, "payment_method_collection": "if_required", "billing_address_collection": null, "shipping_address_collection": null, "saved_payment_method_options": null, "payment_method_configuration_details": null}	\N	\N
\.


--
-- Data for Name: Workshop; Type: TABLE DATA; Schema: public; Owner: -
--

COPY public."Workshop" (id, "eventId", title, description, "whatYouWillLearn", price, "startDateTime", "endDateTime", "createdAt", "updatedAt", "channelName", "imageUrl", categories, "isFree") FROM stdin;
workshop-003	event-0001	Taller de Dermatología Avanzada	Explora tratamientos innovadores en dermatología	Nuevas técnicas, aplicaciones y casos clínicos	550	2025-03-02 10:00:00	2025-03-02 12:00:00	2025-02-14 11:03:47.294	2025-02-14 11:03:47.294	\N	https://res.cloudinary.com/dwcrzwawj/image/upload/v1735332035/12_apartologia_xhzq5i.jpg	{DERMATOLOGIA,MEDICINA_ESTETICA}	f
workshop-004	event-0001	Taller de Nutricosmética	Aprende sobre la relación entre nutrición y estética	Suplementación, dietas y salud dermatológica	480	2025-03-02 14:00:00	2025-03-02 16:00:00	2025-02-14 11:03:47.294	2025-02-14 11:03:47.294	\N	https://res.cloudinary.com/dwcrzwawj/image/upload/v1735332035/12_apartologia_xhzq5i.jpg	{NUTRICION,COSMETOLOGIA}	f
workshop-005	event-0002	Taller de Bioquímica Cosmética	Descubre los componentes bioquímicos de los cosméticos	Estructuras moleculares, interacciones y efectos en la piel	620	2025-03-13 10:00:00	2025-03-13 12:00:00	2025-02-14 11:03:47.294	2025-02-14 11:03:47.294	\N	https://res.cloudinary.com/dwcrzwawj/image/upload/v1735332035/12_apartologia_xhzq5i.jpg	{QUIMICA_COSMETICA,MEDICINA_ALTERNATIVA}	f
workshop-006	event-0002	Taller de Terapia Facial Avanzada	Aprende técnicas avanzadas para el cuidado facial	Masajes, electroterapia y protocolos personalizados	580	2025-03-13 14:00:00	2025-03-13 16:00:00	2025-02-14 11:03:47.294	2025-02-14 11:03:47.294	\N	https://res.cloudinary.com/dwcrzwawj/image/upload/v1735332035/12_apartologia_xhzq5i.jpg	{ESTETICA,COSMETOLOGIA}	f
workshop-001	event-0001	Taller de Química Cosmética	Aprende a formular productos de belleza	Técnicas, normativas, control de calidad	0	2025-03-01 14:00:00	2025-03-01 16:00:00	2025-02-06 21:13:28.937	2025-02-06 21:13:28.937	b1e2f4c7-9d54-4b29-b6ab-6a2e4e55c0df	https://res.cloudinary.com/dwcrzwawj/image/upload/v1735332035/12_apartologia_xhzq5i.jpg	{QUIMICA_COSMETICA,ESTETICA}	t
workshop-002	event-0002	Taller Avanzado de Formulación Cosmética	Explora formulaciones avanzadas para el cuidado de la piel	Nuevas técnicas, normativas actualizadas y estabilidad del producto	0	2025-02-10 20:52:30.949	2025-03-12 20:52:30.949	2025-02-10 20:52:30.949	2025-02-10 20:52:30.949	channel-prueba	https://res.cloudinary.com/dwcrzwawj/image/upload/v1735332035/12_apartologia_xhzq5i.jpg	{COSMETOLOGIA,MEDICINA_ESTETICA}	t
\.


--
-- Data for Name: WorkshopEnrollment; Type: TABLE DATA; Schema: public; Owner: -
--

COPY public."WorkshopEnrollment" (id, "workshopId", "userId", status, "createdAt", "updatedAt") FROM stdin;
cm7v0rk8o0002ho8t6xli8mdw	workshop-001	cm4sths4i0008g1865nsbbh1l	active	2025-03-04 21:47:03.865	2025-03-04 21:47:03.865
a46db386-8bb1-40eb-b4f9-11b877f1fd43	workshop-002	cm4sths4i0008g1865nsbbh1l	ENROLLED	2025-03-08 00:55:16.314	2025-03-08 00:55:16.314
581bba1c-3141-4dd6-9352-7f854a8db8e7	workshop-003	cm4sths4i0008g1865nsbbh1l	ENROLLED	2025-03-08 01:02:41.3	2025-03-08 01:02:41.3
04b83463-63ab-4dac-82e5-757cdc1c01f4	workshop-001	cm7wdsxqq0003ho8tdw5flc5h	ENROLLED	2025-03-10 23:26:51.754	2025-03-10 23:26:51.754
\.


--
-- Data for Name: _BlogPostCategories; Type: TABLE DATA; Schema: public; Owner: -
--

COPY public."_BlogPostCategories" ("A", "B") FROM stdin;
category-001	blog-001
category-002	blog-002
\.


--
-- Data for Name: _ClassroomAttendees; Type: TABLE DATA; Schema: public; Owner: -
--

COPY public."_ClassroomAttendees" ("A", "B") FROM stdin;
\.


--
-- Data for Name: _ClassroomInstructors; Type: TABLE DATA; Schema: public; Owner: -
--

COPY public."_ClassroomInstructors" ("A", "B") FROM stdin;
classroom-002	instructor-001
classroom-003	instructor-001
\.


--
-- Data for Name: _EventAttendees; Type: TABLE DATA; Schema: public; Owner: -
--

COPY public."_EventAttendees" ("A", "B") FROM stdin;
cm6jx0hdg0001izd1393p7n3j	cm4rh5ur20000z6z3hcqxg7o4
cm6jx0hdg0001izd1393p7n3j	cm4slavoi0003g186bm5xpbvj
cm6jx0hdg0001izd1393p7n3j	cm51gd9qn0000h4xoe78sb0fy
cm6jx0hdg0001izd1393p7n3j	cm56w8b2p000alq5tp2r75xrc
4a5d30b3-f5d8-4434-9d03-ee1ec9941626	cm56w8b2p000alq5tp2r75xrc
\.


--
-- Data for Name: _EventStreamAttendees; Type: TABLE DATA; Schema: public; Owner: -
--

COPY public."_EventStreamAttendees" ("A", "B") FROM stdin;
\.


--
-- Data for Name: _StreamOrators; Type: TABLE DATA; Schema: public; Owner: -
--

COPY public."_StreamOrators" ("A", "B") FROM stdin;
stream-001	instructor-001
stream-001	instructor-002
stream-001	instructor-003
stream-001	instructor-004
stream-001	instructor-005
stream-001	instructor-006
stream-001	instructor-007
stream-001	instructor-008
stream-001	instructor-joaquin-004
\.


--
-- Data for Name: _WorkshopAttendees; Type: TABLE DATA; Schema: public; Owner: -
--

COPY public."_WorkshopAttendees" ("A", "B") FROM stdin;
\.


--
-- Data for Name: _WorkshopInstructors; Type: TABLE DATA; Schema: public; Owner: -
--

COPY public."_WorkshopInstructors" ("A", "B") FROM stdin;
instructor-001	workshop-001
instructor-001	workshop-002
instructor-002	workshop-001
instructor-003	workshop-001
instructor-004	workshop-001
instructor-005	workshop-001
instructor-006	workshop-001
instructor-007	workshop-001
instructor-008	workshop-001
instructor-009	workshop-003
instructor-010	workshop-004
\.


--
-- Data for Name: _prisma_migrations; Type: TABLE DATA; Schema: public; Owner: -
--

COPY public._prisma_migrations (id, checksum, finished_at, migration_name, logs, rolled_back_at, started_at, applied_steps_count) FROM stdin;
2bc6ce54-5f7d-471d-b52a-63d9984d7dbf	e3b0c44298fc1c149afbf4c8996fb92427ae41e4649b934ca495991b7852b855	2025-04-10 19:26:47.128244+00	20250410_full_baseline		\N	2025-04-10 19:26:47.128244+00	0
\.


--
-- Name: PasswordReset_id_seq; Type: SEQUENCE SET; Schema: public; Owner: -
--

SELECT pg_catalog.setval('public."PasswordReset_id_seq"', 16, true);


--
-- Name: Presentation_id_seq; Type: SEQUENCE SET; Schema: public; Owner: -
--

SELECT pg_catalog.setval('public."Presentation_id_seq"', 1, false);


--
-- Name: ProductCompanyCategory_id_seq; Type: SEQUENCE SET; Schema: public; Owner: -
--

SELECT pg_catalog.setval('public."ProductCompanyCategory_id_seq"', 1, false);


--
-- PostgreSQL database dump complete
--

